FID,OBJECTID,Cod_INE,Texto,Poblacion,CodMun,Municipio,Cod_Provin,Provincia,X,Y
0,1,35002000101,Agüimes,29431.0,35002,Agüimes,35,Las Palmas,-15.446012264,27.9005418852
1,2,35003000201,Antigua,10458.0,35003,Antigua,35,Las Palmas,-14.01330083,28.4189662242
2,3,35004000301,Arrecife,58156.0,35004,Arrecife,35,Las Palmas,-13.551451235,28.9606494152
3,4,35006000202,Arucas,36745.0,35006,Arucas,35,Las Palmas,-15.521511534,28.1174962002
4,5,35009000303,Gáldar,24473.0,35009,Gáldar,35,Las Palmas,-15.654110983,28.1438727542
5,6,35011000201,Ingenio,29640.0,35011,Ingenio,35,Las Palmas,-15.442260778,27.9187808332
6,7,35012002201,Mogán,22638.0,35012,Mogán,35,Las Palmas,-15.726228551,27.8801723362
7,8,35014000501,La Oliva,22351.0,35014,La Oliva,35,Las Palmas,-13.927339943,28.6083215272
8,9,35015000501,Pájara,20622.0,35015,Pájara,35,Las Palmas,-14.105631245,28.3497515302
9,10,35016002401,Las Palmas de Gran Canaria,383308.0,35016,Las Palmas de Gran Canaria,35,Las Palmas,-15.413387495,28.0997746482
10,11,35017000901,Puerto del Rosario,35702.0,35017,Puerto del Rosario,35,Las Palmas,-13.859174724,28.4979657492
11,12,35018000601,San Bartolomé,18161.0,35018,San Bartolomé,35,Las Palmas,-13.6119466,29.0002824642
12,13,35021000703,Santa Brígida,19135.0,35021,Santa Brígida,35,Las Palmas,-15.498250785,28.0323135822
13,14,35022001002,Santa Lucía de Tirajana,64845.0,35022,Santa Lucía de Tirajana,35,Las Palmas,-15.54040897,27.9118409352
14,15,35023001301,Santa María de Guía de Gran Canaria,14200.0,35023,Santa María de Guía de Gran Canaria,35,Las Palmas,-15.630871884,28.1387190842
15,16,35024001701,Teguise,20105.0,35024,Teguise,35,Las Palmas,-13.558129951,29.0583384432
16,17,35026004400,Telde,100900.0,35026,Telde,35,Las Palmas,-15.416665506,27.9942018032
17,18,35027000807,Teror,12944.0,35027,Teror,35,Las Palmas,-15.545912844,28.0584371702
18,19,35028000801,Tías,19869.0,35028,Tías,35,Las Palmas,-13.650051808,28.9536430882
19,20,35030001001,Tuineje,13536.0,35030,Tuineje,35,Las Palmas,-14.047639122,28.3243834992
20,21,35034000701,Yaiza,14242.0,35034,Yaiza,35,Las Palmas,-13.770753943,28.9524291852
21,22,38001000101,Adeje,43801.0,38001,Adeje,38,Santa Cruz de Tenerife,-16.729707876,28.1188804472
22,23,38006000101,Arona,79377.0,38006,Arona,38,Santa Cruz de Tenerife,-16.679683598,28.0995178132
23,24,38011000403,Candelaria,25140.0,38011,Candelaria,38,Santa Cruz de Tenerife,-16.371718386,28.3545787782
24,25,38017001205,Granadilla de Abona,40862.0,38017,Granadilla de Abona,38,Santa Cruz de Tenerife,-16.576916862,28.1201750022
25,26,38019000804,Guía de Isora,20535.0,38019,Guía de Isora,38,Santa Cruz de Tenerife,-16.782610711,28.2104392142
26,27,38020000603,Güímar,17852.0,38020,Güímar,38,Santa Cruz de Tenerife,-16.411146815,28.3147694302
27,28,38022000701,Icod de los Vinos,24231.0,38022,Icod de los Vinos,38,Santa Cruz de Tenerife,-16.713103721,28.3672476562
28,29,38023001701,San Cristóbal de La Laguna,152222.0,38023,San Cristóbal de La Laguna,38,Santa Cruz de Tenerife,-16.314721106,28.4878930042
29,30,38024000501,Los Llanos de Aridane,20948.0,38024,Los Llanos de Aridane,38,Santa Cruz de Tenerife,-17.914361404,28.6586386162
30,31,38026001901,La Orotava,41427.0,38026,La Orotava,38,Santa Cruz de Tenerife,-16.523717605,28.3897305832
31,32,38028000407,Puerto de la Cruz,32571.0,38028,Puerto de la Cruz,38,Santa Cruz de Tenerife,-16.550072072,28.4159305102
32,33,38031002902,Realejo Alto,37658.0,38031,Los Realejos,38,Santa Cruz de Tenerife,-16.583188687,28.3762371042
33,34,38032000301,La Esperanza,17417.0,38032,El Rosario,38,Santa Cruz de Tenerife,-16.365239816,28.4500123642
34,35,38035000501,San Miguel,16707.0,38035,San Miguel de Abona,38,Santa Cruz de Tenerife,-16.614925321,28.0996458622
35,36,38037002301,Santa Cruz de la Palma,17128.0,38037,Santa Cruz de la Palma,38,Santa Cruz de Tenerife,-17.765385698,28.6841380342
36,37,38039000504,Santa Úrsula,14143.0,38039,Santa Úrsula,38,Santa Cruz de Tenerife,-16.493680903,28.4230859482
37,38,38040000601,Santiago del Teide,12099.0,38040,Santiago del Teide,38,Santa Cruz de Tenerife,-16.816574854,28.2943159562
38,39,38043001601,Tacoronte,23615.0,38043,Tacoronte,38,Santa Cruz de Tenerife,-16.416209999,28.4816841282
39,40,38046001507,Tegueste,10731.0,38046,Tegueste,38,Santa Cruz de Tenerife,-16.336774002,28.5233639012
40,41,38038002501,Santa Cruz de Tenerife,222643.0,38038,Santa Cruz de Tenerife,38,Santa Cruz de Tenerife,-16.247264113,28.4632572802
41,42,06011000101,Almendralejo,33975.0,06011,Almendralejo,06,Badajoz,-6.407780091,38.6844527891
42,43,06015000402,Badajoz,150376.0,06015,Badajoz,06,Badajoz,-6.970997038,38.8787433841
43,44,06083001201,Mérida,57127.0,06083,Mérida,06,Badajoz,-6.344172115,38.9173878791
44,45,06088000301,Montijo,16279.0,06088,Montijo,06,Badajoz,-6.617585401,38.9097873661
45,46,06095000101,Olivenza,11906.0,06095,Olivenza,06,Badajoz,-7.099598277,38.6856604931
46,47,06149000301,Villafranca de los Barros,13266.0,06149,Villafranca de los Barros,06,Badajoz,-6.339904521,38.5611528311
47,48,06158000501,Zafra,16433.0,06158,Zafra,06,Badajoz,-6.4193056,38.4261789731
48,49,10037000101,Cáceres,94179.0,10037,Cáceres,10,Cáceres,-6.371210922,39.4731676181
49,50,10067000101,Coria,12962.0,10067,Coria,10,Cáceres,-6.53587444,39.9843934911
50,51,10148000101,Plasencia,41447.0,10148,Plasencia,10,Cáceres,-6.092682285,40.0294053481
51,52,11012000101,Cádiz,125826.0,11012,Cádiz,11,Cádiz,-6.284145753,36.5217115161
52,53,11014000301,Conil de la Frontera,21331.0,11014,Conil de la Frontera,11,Cádiz,-6.088568773,36.2745879761
53,54,11015000401,Chiclana de la Frontera,78591.0,11015,Chiclana de la Frontera,11,Cádiz,-6.14620494,36.4183691621
54,55,11016000101,Chipiona,18722.0,11016,Chipiona,11,Cádiz,-6.442202151,36.7379067661
55,56,11020001401,Jerez de la Frontera,208896.0,11020,Jerez de la Frontera,11,Cádiz,-6.128753397,36.7021274551
56,57,11027001401,El Puerto de Santa María,88503.0,11027,El Puerto de Santa María,11,Cádiz,-6.229156336,36.6001237741
57,58,11028000301,Puerto Real,40667.0,11028,Puerto Real,11,Cádiz,-6.19016115,36.5289128151
58,59,11030000401,Rota,28904.0,11030,Rota,11,Cádiz,-6.363158766,36.6201111121
59,60,11031000201,San Fernando,96689.0,11031,San Fernando,11,Cádiz,-6.205146686,36.4652860871
60,61,11032000701,Sanlúcar de Barrameda,66541.0,11032,Sanlúcar de Barrameda,11,Cádiz,-6.35311695,36.7759800391
61,62,15002080101,Bertamiráns,27900.0,15002,Ames,15,A Coruña,-8.645506882,42.8617762211
62,63,15005020101,A Baiuca,30255.0,15005,Arteixo,15,A Coruña,-8.508781091,43.3052820241
63,64,15009000101,Betanzos,13673.0,15009,Betanzos,15,A Coruña,-8.211677654,43.2807943251
64,65,15011031701,Boiro de Arriba,19076.0,15011,Boiro,15,A Coruña,-8.886747644,42.6468382911
65,66,15017050101,Cambre,23621.0,15017,Cambre,15,A Coruña,-8.342537971,43.2927507111
66,67,15019070301,Carballo,31149.0,15019,Carballo,15,A Coruña,-8.690258771,43.2115289331
67,68,15030000101,A Coruña,246047.0,15030,A Coruña,15,A Coruña,-8.391148533,43.3701264301
68,69,15031050501,Tarrío,28737.0,15031,Culleredo,15,A Coruña,-8.390176959,43.2871704321
69,70,15035021301,Fene,14092.0,15035,Fene,15,A Coruña,-8.167389198,43.4752138181
70,71,15036000101,Ferrol,73638.0,15036,Ferrol,15,A Coruña,-8.234911235,43.4820153131
71,72,15041120601,A Laracha,11213.0,15041,A Laracha,15,A Coruña,-8.580659976,43.2484239061
72,73,15054040101,Narón,38285.0,15054,Narón,15,A Coruña,-8.198888462,43.4971123781
73,74,15057000101,Noia,14947.0,15057,Noia,15,A Coruña,-8.888859294,42.7831852221
74,75,15058072201,O Real,33550.0,15058,Oleiros,15,A Coruña,-8.3145904,43.3346025201
75,76,15059091601,Ordes,12868.0,15059,Ordes,15,A Coruña,-8.406980649,43.0769057791
76,77,15070053901,As Pontes de García Rodríguez,11336.0,15070,As Pontes de García Rodríguez,15,A Coruña,-7.844151579,43.4444267421
77,78,15072050501,Rianxo,11826.0,15072,Rianxo,15,A Coruña,-8.81901823,42.6509749391
78,79,15073090801,Santa Uxía de Ribeira,27504.0,15073,Ribeira,15,A Coruña,-8.991782135,42.5548639741
79,80,15075060401,Sada,14734.0,15075,Sada,15,A Coruña,-8.254855458,43.3511759041
80,81,15077141201,Santa Cataliña de Armada,10408.0,15077,Santa Comba,15,A Coruña,-8.810507544,43.0342585921
81,82,15078000101,Santiago de Compostela,94824.0,15078,Santiago de Compostela,15,A Coruña,-8.544232393,42.8802662471
82,83,15082040501,A Ramallosa,17940.0,15082,Teo,15,A Coruña,-8.548964107,42.7953277441
83,84,21002000101,Aljaraque,18443.0,21002,Aljaraque,21,Huelva,-7.023273112,37.2723311951
84,85,21005000101,Almonte,22204.0,21005,Almonte,21,Huelva,-6.517477683,37.2625230361
85,86,21010000101,Ayamonte,20597.0,21010,Ayamonte,21,Huelva,-7.405439732,37.2243727551
86,87,21013000101,Bollullos Par del Condado,13959.0,21013,Bollullos Par del Condado,21,Huelva,-6.535352709,37.3362697921
87,88,21021000101,Cartaya,18415.0,21021,Cartaya,21,Huelva,-7.155488739,37.2834805591
88,89,21035000101,Gibraleón,12392.0,21035,Gibraleón,21,Huelva,-6.973570262,37.3761327541
89,90,21041000101,Huelva,149310.0,21041,Huelva,21,Huelva,-6.950405881,37.2600411271
90,91,21042000301,Isla Cristina,21719.0,21042,Isla Cristina,21,Huelva,-7.325743064,37.2030118291
91,92,21044000401,Lepe,26763.0,21044,Lepe,21,Huelva,-7.203412471,37.2551522051
92,93,21050000301,Moguer,20040.0,21050,Moguer,21,Huelva,-6.836917535,37.2747102501
93,94,21054000101,La Palma del Condado,10475.0,21054,La Palma del Condado,21,Huelva,-6.553128632,37.3876449031
94,95,21060000201,Punta Umbría,14714.0,21060,Punta Umbría,21,Huelva,-6.957285484,37.1777585011
95,96,21072000101,Valverde del Camino,12746.0,21072,Valverde del Camino,21,Huelva,-6.75345585,37.5722580161
96,97,24008000101,Astorga,12015.0,24008,Astorga,24,León,-6.057137771,42.4576327931
97,98,24014000201,Bembibre,10097.0,24014,Bembibre,24,León,-6.416701359,42.6150717221
98,99,24115002102,Ponferrada,68767.0,24115,Ponferrada,24,León,-6.597294568,42.5476828021
99,100,24202001101,Villablino,10553.0,24202,Villablino,24,León,-6.31699477,42.9398398691
100,101,27028000101,Lugo,97635.0,27028,Lugo,27,Lugo,-7.558173923,43.0091281941
101,102,27031000101,Monforte de Lemos,19638.0,27031,Monforte de Lemos,27,Lugo,-7.510409906,42.5234719711
102,103,27057000101,Sarria,13611.0,27057,Sarria,27,Lugo,-7.414717537,42.7803212791
103,104,27065280101,Vilalba,15327.0,27065,Vilalba,27,Lugo,-7.682133142,43.2969190601
104,105,27066000101,Viveiro,16211.0,27066,Viveiro,27,Lugo,-7.588768166,43.6255783851
105,106,32009020101,O Barco,14134.0,32009,O Barco de Valdeorras,32,Ourense,-6.983956698,42.4158247671
106,107,32019050101,O Carballiño,14136.0,32019,O Carballiño,32,Ourense,-8.078443266,42.4311385461
107,108,32032200201,Xinzo de Limia,10245.0,32032,Xinzo de Limia,32,Ourense,-7.725182641,42.0629432771
108,109,32054000101,Ourense,108673.0,32054,Ourense,32,Ourense,-7.863683752,42.3365491861
109,110,32085140101,Verín,14633.0,32085,Verín,32,Ourense,-7.436342187,41.9406673271
110,111,33011100101,Cangas del Narcea,14445.0,33011,Cangas del Narcea,33,Asturias,-6.550119154,43.1767746621
111,112,33026090301,Grau/Grado,11003.0,33026,Grado,33,Asturias,-6.069904524,43.3892920281
112,113,33034090601,Luarca,13371.0,33034,Valdés,33,Asturias,-6.535121784,43.5445276051
113,114,33073401401,Tineo,11018.0,33073,Tineo,33,Asturias,-6.414982199,43.3352557191
114,115,36004030101,Bueu,12368.0,36004,Bueu,36,Pontevedra,-8.783733913,42.3279489591
115,116,36005030101,Caldas de Reis,10045.0,36005,Caldas de Reis,36,Pontevedra,-8.642007252,42.6058829081
116,117,36006010101,Cambados,13872.0,36006,Cambados,36,Pontevedra,-8.811351637,42.5159334381
117,118,36008020101,Cangas,25913.0,36008,Cangas,36,Pontevedra,-8.784340081,42.2643126001
118,119,36017190201,A Estrada,21828.0,36017,A Estrada,36,Pontevedra,-8.490534121,42.6913299251
119,120,36021051001,Gondomar,13890.0,36021,Gondomar,36,Pontevedra,-8.760032986,42.1130570671
120,121,36022010901,O Grove,11297.0,36022,O Grove,36,Pontevedra,-8.862717658,42.4959058411
121,122,36023020101,A Guarda,10472.0,36023,A Guarda,36,Pontevedra,-8.871420833,41.9034747821
122,123,36024270701,Lalín,21216.0,36024,Lalín,36,Pontevedra,-8.111231023,42.6638006791
123,124,36026040101,Marín,25997.0,36026,Marín,36,Pontevedra,-8.703744663,42.3927513111
124,125,36029040601,Moaña,19231.0,36029,Moaña,36,Pontevedra,-8.734116344,42.2852364141
125,126,36056030901,Reguengo,14818.0,36056,Mos,36,Pontevedra,-8.654328326,42.6713890991
126,127,36035031501,Nigrán,17909.0,36035,Nigrán,36,Pontevedra,-8.807388506,42.1450562101
127,128,36038000101,Pontevedra,81981.0,36038,Pontevedra,36,Pontevedra,-8.647990184,42.4338144151
128,129,36039070801,O Porriño,17977.0,36039,O Porriño,36,Pontevedra,-8.617631607,42.1627106441
129,130,36041020801,O Convento,16309.0,36041,Poio,36,Pontevedra,-8.683743757,42.4463470681
130,131,36042230101,Ponteareas,23316.0,36042,Ponteareas,36,Pontevedra,-8.504847218,42.1765727861
131,132,36045080101,Redondela,30067.0,36045,Redondela,36,Pontevedra,-8.606926173,42.2865730511
132,133,36051081001,Sanxenxo,17500.0,36051,Sanxenxo,36,Pontevedra,-8.80514528,42.4017558881
133,134,36054142201,O Seixo,13492.0,36054,Tomiño,36,Pontevedra,-8.740287399,41.9953942021
134,135,36055120101,Tui,17306.0,36055,Tui,36,Pontevedra,-8.64360417,42.0490613911
135,136,36057000201,Vigo,297124.0,36057,Vigo,36,Pontevedra,-8.726377332,42.2394758261
136,137,36060120101,Vilagarcía,37926.0,36060,Vilagarcía de Arousa,36,Pontevedra,-8.765249579,42.5935017001
137,138,36061070501,Vilanova de Arousa,10682.0,36061,Vilanova de Arousa,36,Pontevedra,-8.826103179,42.5650378571
138,139,37107000301,Ciudad Rodrigo,13777.0,37107,Ciudad Rodrigo,37,Salamanca,-6.534157696,40.5973085631
139,140,41007000101,La Algaba,15255.0,41007,La Algaba,41,Sevilla,-6.013242023,37.4610871441
140,141,41017000101,Bormujos,19110.0,41017,Bormujos,41,Sevilla,-6.071060425,37.3701151001
141,142,41021000101,Camas,26086.0,41021,Camas,41,Sevilla,-6.034554353,37.4014709221
142,143,41029000101,Castilleja de la Cuesta,17282.0,41029,Castilleja de la Cuesta,41,Sevilla,-6.05308137,37.3875448861
143,144,41034000201,Coria del Río,28654.0,41034,Coria del Río,41,Sevilla,-6.051114413,37.2838380501
144,145,41040000101,Espartinas,13166.0,41040,Espartinas,41,Sevilla,-6.124886881,37.3826285181
145,146,41047000101,Gines,13108.0,41047,Gines,41,Sevilla,-6.077908088,37.3873957781
146,147,41049000201,Guillena,11456.0,41049,Guillena,41,Sevilla,-6.052322958,37.5393969291
147,148,41053000501,Lebrija,26783.0,41053,Lebrija,41,Sevilla,-6.080853557,36.9195865561
148,149,41059000503,Mairena del Aljarafe,41510.0,41059,Mairena del Aljarafe,41,Sevilla,-6.065297735,37.3433187681
149,150,41075000101,Pilas,13509.0,41075,Pilas,41,Sevilla,-6.302777336,37.3012094281
150,151,41079000401,La Puebla del Río,12210.0,41079,La Puebla del Río,41,Sevilla,-6.060986441,37.2689458911
151,152,41086000101,San Juan de Aznalfarache,21025.0,41086,San Juan de Aznalfarache,41,Sevilla,-6.027153613,37.3658466851
152,153,41087000301,Sanlúcar la Mayor,13016.0,41087,Sanlúcar la Mayor,41,Sevilla,-6.201235121,37.3840744371
153,154,41093000101,Tomares,23310.0,41093,Tomares,41,Sevilla,-6.046978124,37.3750300261
154,155,36003040101,Baiona,12154.0,36003,Baiona,36,Pontevedra,-8.848811705,42.1204319651
155,156,02069000101,La Roda,16299.0,02069,La Roda,02,Albacete,-2.159247957,39.2070650401
156,157,02081000301,Villarrobledo,26686.0,02081,Villarrobledo,02,Albacete,-2.607143106,39.2675579131
157,158,03005000101,Albatera,11821.0,03005,Albatera,03,Alacant/Alicante,-0.873186541,38.1788617041
158,159,03009000101,Alcoy/Alcoi,61417.0,03009,Alcoy/Alcoi,03,Alacant/Alicante,-0.473183758,38.6983689431
159,160,03011000102,L'Alfàs del Pi,21332.0,03011,L'Alfàs del Pi,03,Alacant/Alicante,-0.102600199,38.5800949631
160,161,03014000201,Alacant/Alicante,334418.0,03014,Alacant/Alicante,03,Alacant/Alicante,-0.483183199,38.3454870431
161,162,03015000101,Almoradí,19598.0,03015,Almoradí,03,Alacant/Alicante,-0.792017131,38.1097799071
162,163,03018000102,Altea,24006.0,03018,Altea,03,Alacant/Alicante,-0.0514423589999,38.5989249681
163,164,03019000101,Aspe,20360.0,03019,Aspe,03,Alacant/Alicante,-0.768491071,38.3457726631
164,165,03031000102,Benidorm,71198.0,03031,Benidorm,03,Alacant/Alicante,-0.130685301,38.5342713551
165,166,03049000101,Callosa de Segura,18008.0,03049,Callosa de Segura,03,Alacant/Alicante,-0.87933854,38.1225813581
166,167,03050000204,El Campello,26941.0,03050,El Campello,03,Alacant/Alicante,-0.400865088,38.4275472421
167,168,03053000101,Castalla,10513.0,03053,Castalla,03,Alacant/Alicante,-0.670265384,38.5965764231
168,169,01002000201,Amurrio,10050.0,01002,Amurrio,01,Álava,-3.000073259,43.0542777531
169,170,01036000101,Laudio/Llodio,18420.0,01036,Laudio/Llodio,01,Álava,-2.962564948,43.1425187981
170,171,01059006301,Vitoria-Gasteiz,238247.0,01059,Vitoria-Gasteiz,01,Álava,-2.67275685,42.8505878841
171,172,02003000201,Albacete,170475.0,02003,Albacete,02,Albacete,-1.855747449,38.9958805301
172,173,02009000101,Almansa,25654.0,02009,Almansa,02,Albacete,-1.094146806,38.8696881101
173,174,02025000101,Caudete,10450.0,02025,Caudete,02,Albacete,-0.988691195,38.7057300861
174,175,02037000501,Hellín,31109.0,02037,Hellín,02,Albacete,-1.703449211,38.5121895291
175,176,03056000401,Cocentaina,11534.0,03056,Cocentaina,03,Alacant/Alicante,-0.440220673,38.7454120191
176,177,03059000202,Crevillent,28738.0,03059,Crevillent,03,Alacant/Alicante,-0.80855322,38.2488141361
177,178,03065001101,Elche/Elx,230822.0,03065,Elche/Elx,03,Alacant/Alicante,-0.697755812,38.2674166151
178,179,03066000101,Elda,54815.0,03066,Elda,03,Alacant/Alicante,-0.796110458,38.4787889401
179,180,03076000103,Guardamar del Segura,16423.0,03076,Guardamar del Segura,03,Alacant/Alicante,-0.654770346,38.0898807121
180,181,03079000101,Ibi,23861.0,03079,Ibi,03,Alacant/Alicante,-0.575895222,38.6226438891
181,182,03089000401,Monóvar/Monòver,12928.0,03089,Monóvar/Monòver,03,Alacant/Alicante,-0.837805332,38.4372157901
182,183,03090000114,Mutxamel,23066.0,03090,Mutxamel,03,Alacant/Alicante,-0.437584016,38.4237436291
183,184,03093000202,Novelda,27104.0,03093,Novelda,03,Alacant/Alicante,-0.765397825,38.3860638151
184,185,03094000103,La Nucia,18225.0,03094,La Nucia,03,Alacant/Alicante,-0.122897476,38.6176162311
185,186,03099002102,Orihuela,87113.0,03099,Orihuela,03,Alacant/Alicante,-0.946645721,38.0857411631
186,187,03102000102,Pego,11208.0,03102,Pego,03,Alacant/Alicante,-0.118031716,38.8420171351
187,188,03104000103,Petrer,34634.0,03104,Petrer,03,Alacant/Alicante,-0.769537124,38.4848004251
188,189,03113000103,Rojales,20953.0,03113,Rojales,03,Alacant/Alicante,-0.723186601,38.0889203701
189,190,03118000203,San Fulgencio,12144.0,03118,San Fulgencio,03,Alacant/Alicante,-0.718790253,38.1122276461
190,191,03119000108,Sant Joan d'Alacant,22138.0,03119,Sant Joan d'Alacant,03,Alacant/Alicante,-0.436606938,38.4015119231
191,192,03121000106,Santa Pola,32507.0,03121,Santa Pola,03,Alacant/Alicante,-0.555280605,38.1931154961
192,193,03122000605,San Vicente del Raspeig/Sant Vicent del Raspeig,54088.0,03122,San Vicente del Raspeig/Sant Vicent del Raspeig,03,Alacant/Alicante,-0.524990716,38.3961334771
193,194,03123000101,Sax,10099.0,03123,Sax,03,Alacant/Alicante,-0.816923275,38.5384955641
194,195,03133000206,Torrevieja,101091.0,03133,Torrevieja,03,Alacant/Alicante,-0.683026077,37.9777587291
195,196,03139000401,Villajoyosa/La Vila Joiosa,34344.0,03139,Villajoyosa/La Vila Joiosa,03,Alacant/Alicante,-0.231928797,38.5054561071
196,197,03902000103,Pilar de la Horadada,22555.0,03902,Pilar de la Horadada,03,Alacant/Alicante,-0.792427831,37.8637255411
197,198,04003000101,Adra,24512.0,04003,Adra,04,Almería,-3.023302568,36.7486832461
198,199,04006000101,Albox,11042.0,04006,Albox,04,Almería,-2.14799133,37.3885075791
199,200,04013000101,Almería,190013.0,04013,Almería,04,Almería,-2.464131875,36.8389236201
200,201,04029000401,Berja,15325.0,04029,Berja,04,Almería,-2.949482072,36.8473214681
201,202,04035030501,Cuevas del Almanzora,12891.0,04035,Cuevas del Almanzora,04,Almería,-1.879918056,37.2967313031
202,203,04052000404,Huércal de Almería,15628.0,04052,Huércal de Almería,04,Almería,-2.435997149,36.8840643151
203,204,04053000701,Huércal-Overa,18278.0,04053,Huércal-Overa,04,Almería,-1.943031005,37.3893761931
204,205,04066001601,Níjar,28242.0,04066,Níjar,04,Almería,-2.206110691,36.9658074901
205,206,04079001001,Roquetas de Mar,85808.0,04079,Roquetas de Mar,04,Almería,-2.615057601,36.7646785391
206,207,04100000302,Vera,14371.0,04100,Vera,04,Almería,-1.868775068,37.2467532531
207,208,04102000901,Vícar,23410.0,04102,Vícar,04,Almería,-2.642420794,36.8316984281
208,209,04902000301,El Ejido,85389.0,04902,El Ejido,04,Almería,-2.814908383,36.7757613671
209,210,05019000301,Ávila,58245.0,05019,Ávila,05,Ávila,-4.697724598,40.6558694021
210,211,06044000201,Don Benito,36227.0,06044,Don Benito,06,Badajoz,-5.861274517,38.9541008881
211,212,06153000501,Villanueva de la Serena,26111.0,06153,Villanueva de la Serena,06,Badajoz,-5.799819037,38.9739075331
212,213,09018000201,Aranda de Duero,33154.0,09018,Aranda de Duero,09,Burgos,-3.689242981,41.6715507861
213,214,09059000101,Burgos,178574.0,09059,Burgos,09,Burgos,-3.704198052,42.3411300411
214,215,09219001101,Miranda de Ebro,39038.0,09219,Miranda de Ebro,09,Burgos,-2.941782167,42.6875581811
215,216,10121000301,Miajadas,10323.0,10121,Miajadas,10,Cáceres,-5.908295479,39.1526729641
216,217,10131000101,Navalmoral de la Mata,17309.0,10131,Navalmoral de la Mata,10,Cáceres,-5.540442437,39.8910619501
217,218,11004000101,Algeciras,116417.0,11004,Algeciras,11,Cádiz,-5.447752882,36.1313778851
218,219,11006000201,Arcos de la Frontera,31449.0,11006,Arcos de la Frontera,11,Cádiz,-5.806416365,36.7482098431
219,220,11007000101,Barbate,22977.0,11007,Barbate,11,Cádiz,-5.918293742,36.1920289521
220,221,11008000101,Los Barrios,22587.0,11008,Los Barrios,11,Cádiz,-5.49279055,36.1852490751
221,222,11021000201,Jimena de la Frontera,10440.0,11021,Jimena de la Frontera,11,Cádiz,-5.454086911,36.4356024741
222,223,11022000101,La Línea de la Concepción,64645.0,11022,La Línea de la Concepción,11,Cádiz,-5.347169141,36.1676438881
223,224,11023000901,Medina-Sidonia,11741.0,11023,Medina-Sidonia,11,Cádiz,-5.928708832,36.4620073561
224,225,11033000701,San Roque,29588.0,11033,San Roque,11,Cádiz,-5.384024882,36.2099996321
225,226,11035001801,Tarifa,17768.0,11035,Tarifa,11,Cádiz,-5.606278859,36.0103218571
226,227,11038000101,Ubrique,16915.0,11038,Ubrique,11,Cádiz,-5.443142665,36.6779232741
227,228,11039001301,Vejer de la Frontera,12876.0,11039,Vejer de la Frontera,11,Cádiz,-5.968337516,36.2517992991
228,229,11041000301,Villamartín,12570.0,11041,Villamartín,11,Cádiz,-5.644345312,36.8620677491
229,230,12005000101,L'Alcora,11029.0,12005,L'Alcora,12,Castelló/Castellón,-0.212283424,40.0756183771
230,231,12009000101,Almazora/Almassora,25628.0,12009,Almazora/Almassora,12,Castelló/Castellón,-0.0644828269999,39.9459101831
231,232,12032000301,Borriana/Burriana,34896.0,12032,Borriana/Burriana,12,Castelló/Castellón,-0.0836422059999,39.8896813211
232,233,12040000101,Castellón de la Plana/Castelló de la Plana,180690.0,12040,Castellón de la Plana/Castelló de la Plana,12,Castelló/Castellón,-0.0454524489999,39.9858794831
233,234,12082000201,Nules,13750.0,12082,Nules,12,Castelló/Castellón,-0.154732058,39.8531212131
234,235,12084000901,Onda,25778.0,12084,Onda,12,Castelló/Castellón,-0.263163524,39.9642071291
235,236,12126000201,La Vall d'Uixó,32983.0,12126,La Vall d'Uixó,12,Castelló/Castellón,-0.228064886,39.8242175421
236,237,12135000501,Vila-real,51367.0,12135,Vila-real,12,Castelló/Castellón,-0.100762495,39.9381495731
237,238,13005000201,Alcázar de San Juan,31120.0,13005,Alcázar de San Juan,13,Ciudad Real,-3.205657483,39.3887854041
238,239,13023000101,Bolaños de Calatrava,12236.0,13023,Bolaños de Calatrava,13,Ciudad Real,-3.666163434,38.9058786471
239,240,13028000201,Campo de Criptana,15048.0,13028,Campo de Criptana,13,Ciudad Real,-3.126142791,39.4055687981
240,241,13034000201,Ciudad Real,74345.0,13034,Ciudad Real,13,Ciudad Real,-3.931319806,38.9865178111
241,242,13039000101,Daimiel,18656.0,13039,Daimiel,13,Ciudad Real,-3.611616252,39.0674771881
242,243,13053000301,Manzanares,19242.0,13053,Manzanares,13,Ciudad Real,-3.370243163,38.9982039181
243,244,13056000101,Miguelturra,14312.0,13056,Miguelturra,13,Ciudad Real,-3.890636792,38.9647580661
244,245,13071000401,Puertollano,52300.0,13071,Puertollano,13,Ciudad Real,-4.112535623,38.6862105381
245,246,13078000101,Socuéllamos,13651.0,13078,Socuéllamos,13,Ciudad Real,-2.792567954,39.2847071571
246,247,13079000101,La Solana,16324.0,13079,La Solana,13,Ciudad Real,-3.238981861,38.9413241911
247,248,13082000201,Tomelloso,38641.0,13082,Tomelloso,13,Ciudad Real,-3.020954463,39.1582859951
248,249,13087000102,Valdepeñas,31370.0,13087,Valdepeñas,13,Ciudad Real,-3.385127157,38.7602548111
249,250,13096000101,Villarrubia de los Ojos,11119.0,13096,Villarrubia de los Ojos,13,Ciudad Real,-3.607718983,39.2193323591
250,251,14002000101,Aguilar de la Frontera,13693.0,14002,Aguilar de la Frontera,14,Córdoba,-4.654689301,37.5186383191
251,252,14007000301,Baena,20862.0,14007,Baena,14,Córdoba,-4.328970111,37.6131883421
252,253,14013000501,Cabra,21266.0,14013,Cabra,14,Córdoba,-4.446577997,37.4710157181
253,254,14017000401,La Carlota,13469.0,14017,La Carlota,14,Córdoba,-4.932265119,37.6751919631
254,255,14021000901,Córdoba,328547.0,14021,Córdoba,14,Córdoba,-4.780335919,37.8795420741
255,256,14030000301,Fuente Palmera,10865.0,14030,Fuente Palmera,14,Córdoba,-5.104125969,37.7032348091
256,257,14038000901,Lucena,42308.0,14038,Lucena,14,Córdoba,-4.484524774,37.4090138981
257,258,14042000601,Montilla,23907.0,14042,Montilla,14,Córdoba,-4.637868343,37.5923254271
258,259,14049000901,Palma del Río,21605.0,14049,Palma del Río,14,Córdoba,-5.285228875,37.7011347661
259,260,14052000301,Peñarroya-Pueblonuevo,11814.0,14052,Peñarroya-Pueblonuevo,14,Córdoba,-5.266121411,38.2987685081
260,261,14054000101,Pozoblanco,17796.0,14054,Pozoblanco,14,Córdoba,-4.849592084,38.3788857321
261,262,14055002001,Priego de Córdoba,23563.0,14055,Priego de Córdoba,14,Córdoba,-4.191770304,37.4398160601
262,263,14056001201,Puente Genil,30245.0,14056,Puente Genil,14,Córdoba,-4.77226388,37.3883056311
263,264,14058002201,Rute,10563.0,14058,Rute,14,Córdoba,-4.370238126,37.3252641801
264,265,16078000301,Cuenca,56189.0,16078,Cuenca,16,Cuenca,-2.131523063,40.0765376131
265,266,16203000101,Tarancón,15732.0,16203,Tarancón,16,Cuenca,-3.002999132,40.0110072051
266,267,18003000101,Albolote,17637.0,18003,Albolote,18,Granada,-3.657480332,37.2309018511
267,268,18017000101,Almuñécar,27703.0,18017,Almuñécar,18,Granada,-3.690916217,36.7344142281
268,269,18021000101,Armilla,21895.0,18021,Armilla,18,Granada,-3.62690297,37.1403143561
269,270,18022000101,Atarfe,15945.0,18022,Atarfe,18,Granada,-3.688733701,37.2227110331
270,271,18023000301,Baza,21982.0,18023,Baza,18,Granada,-2.774856485,37.4907777851
271,272,18062000101,Churriana de la Vega,12448.0,18062,Churriana de la Vega,18,Granada,-3.645812915,37.1488574611
272,273,18087000401,Granada,239154.0,18087,Granada,18,Granada,-3.600018832,37.1764193161
273,274,18089000501,Guadix,20407.0,18089,Guadix,18,Granada,-3.136380819,37.3016107201
274,275,18101000101,Huétor Vega,11551.0,18101,Huétor Vega,18,Granada,-3.571740839,37.1446130101
275,276,18102000701,Illora,10386.0,18102,Illora,18,Granada,-3.881723133,37.2861148741
276,277,18122000501,Loja,21688.0,18122,Loja,18,Granada,-4.152187426,37.1662821931
277,278,18127000101,Maracena,21097.0,18127,Maracena,18,Granada,-3.634397972,37.2072397051
278,279,18140000301,Motril,60884.0,18140,Motril,18,Granada,-3.521234406,36.7457458381
279,280,18145000101,Ogíjares,13255.0,18145,Ogíjares,18,Granada,-3.60924803,37.1192592041
280,281,18153000101,Peligros,11000.0,18153,Peligros,18,Granada,-3.62811576,37.2311151141
281,282,18158000701,Pinos Puente,13421.0,18158,Pinos Puente,18,Granada,-3.748872366,37.2515783921
282,283,18173000301,Salobreña,12821.0,18173,Salobreña,18,Granada,-3.588526153,36.7433127651
283,284,18175000301,Santa Fe,15428.0,18175,Santa Fe,18,Granada,-3.71896428,37.1893873361
284,285,18193000301,La Zubia,18240.0,18193,La Zubia,18,Granada,-3.585081585,37.1208770271
285,286,18905000202,Gabia la Grande,17415.0,18905,Las Gabias,18,Granada,-3.66834676,37.1348781601
286,287,19024000101,Alovera,11306.0,19024,Alovera,19,Guadalajara,-3.24472522,40.5953913851
287,288,19046000101,Azuqueca de Henares,33735.0,19046,Azuqueca de Henares,19,Guadalajara,-3.262158466,40.5684255731
288,289,19071000101,El Casar,10543.0,19071,El Casar,19,Guadalajara,-3.427209293,40.7024004661
289,290,19130000101,Guadalajara,83789.0,19130,Guadalajara,19,Guadalajara,-3.162102734,40.6343554791
290,291,20009000101,Andoain,14662.0,20009,Andoain,20,Guipúzcoa,-2.019984884,43.2198068111
291,292,20017000201,Azkoitia,11351.0,20017,Azkoitia,20,Guipúzcoa,-2.312258072,43.1782710171
292,293,20018000101,Azpeitia,14305.0,20018,Azpeitia,20,Guipúzcoa,-2.265413335,43.1856328691
293,294,20019000401,Beasain,13680.0,20019,Beasain,20,Guipúzcoa,-2.197067323,43.0487490171
294,295,20030000301,Eibar,27378.0,20030,Eibar,20,Guipúzcoa,-2.470921826,43.1854207651
295,296,20032000201,Elgoibar,11324.0,20032,Elgoibar,20,Guipúzcoa,-2.416503787,43.2139705181
296,297,20036000401,Hondarribia,16464.0,20036,Hondarribia,20,Guipúzcoa,-1.791221747,43.3630330841
297,298,20040000502,Hernani,19285.0,20040,Hernani,20,Guipúzcoa,-1.975083496,43.2681896861
298,299,20045000201,Irun,60938.0,20045,Irun,20,Guipúzcoa,-1.787360722,43.3400319331
299,300,20055000401,Arrasate/Mondragón,22011.0,20055,Arrasate/Mondragón,20,Guipúzcoa,-2.490996145,43.0652966981
300,301,20059001001,Oñati,10957.0,20059,Oñati,20,Guipúzcoa,-2.414544403,43.0329622441
301,302,20064000301,Pasai Donibane,15977.0,20064,Pasaia,20,Guipúzcoa,-1.917531635,43.3249525661
302,303,20067000101,Errenteria,39020.0,20067,Errenteria,20,Guipúzcoa,-1.904405081,43.3142022951
303,304,20069000501,Donostia/San Sebastián,185506.0,20069,Donostia-San Sebastián,20,Guipúzcoa,-1.981917851,43.3171715741
304,305,20071000801,Tolosa,18095.0,20071,Tolosa,20,Guipúzcoa,-2.071703357,43.1382966881
305,306,20074000701,Bergara,14637.0,20074,Bergara,20,Guipúzcoa,-2.412510409,43.1171483791
306,307,20079000401,Zarautz,22658.0,20079,Zarautz,20,Guipúzcoa,-2.172799658,43.2829329031
307,308,20080000101,Zumarraga,10037.0,20080,Zumarraga,20,Guipúzcoa,-2.323005831,43.0876926391
308,309,20902000101,Lasarte-Oria,17856.0,20902,Lasarte-Oria,20,Guipúzcoa,-2.024785417,43.2699850911
309,310,22125000801,Huesca,52347.0,22125,Huesca,22,Huesca,-0.408422757,42.1406273831
310,311,22130002101,Jaca,13374.0,22130,Jaca,22,Huesca,-0.549557465,42.5707363411
311,312,22199004001,Sabiñánigo,10383.0,22199,Sabiñánigo,22,Huesca,-0.36403034,42.5187090131
312,313,23002000101,Alcalá la Real,22759.0,23002,Alcalá la Real,23,Jaén,-3.929449406,37.4597913071
313,314,23003000101,Alcaudete,11135.0,23003,Alcaudete,23,Jaén,-4.087509888,37.5901335541
314,315,23005000101,Andújar,39171.0,23005,Andújar,23,Jaén,-4.054087867,38.0371270581
315,316,23009000201,Baeza,16360.0,23009,Baeza,23,Jaén,-3.469306701,37.9900300391
316,317,23010000101,Bailén,18763.0,23010,Bailén,23,Jaén,-3.775836056,38.0954932081
317,318,23024000101,La Carolina,15901.0,23024,La Carolina,23,Jaén,-3.616722375,38.2759014941
318,319,23050000901,Jaén,116790.0,23050,Jaén,23,Jaén,-3.790359403,37.7651912941
319,320,23053000101,Jódar,12117.0,23053,Jódar,23,Jaén,-3.350423557,37.8413985861
320,321,23055000501,Linares,61306.0,23055,Linares,23,Jaén,-3.635030091,38.0920656961
321,322,23058000101,Mancha Real,11088.0,23058,Mancha Real,23,Jaén,-3.611827453,37.7862808891
322,323,23060000501,Martos,24707.0,23060,Martos,23,Jaén,-3.967316944,37.7236110151
323,324,23086000701,Torre del Campo,14657.0,23086,Torre del Campo,23,Jaén,-3.896588835,37.7704605011
324,325,23087000401,Torredonjimeno,14112.0,23087,Torredonjimeno,23,Jaén,-3.95783111,37.7676714881
325,326,23092000501,Úbeda,36025.0,23092,Úbeda,23,Jaén,-3.371191601,38.0114982321
326,327,23095000701,Villacarrillo,11278.0,23095,Villacarrillo,23,Jaén,-3.086239259,38.1089352101
327,328,24010000101,La Bañeza,11050.0,24010,La Bañeza,24,León,-5.899118781,42.2965499111
328,329,24089000201,León,134012.0,24089,León,24,León,-5.567076311,42.5991209701
329,330,24142000501,San Andrés del Rabanedo,31306.0,24142,San Andrés del Rabanedo,24,León,-5.615482433,42.6111728711
330,331,24222000801,Villaquilambre,17631.0,24222,Villaquilambre,24,León,-5.558770193,42.6463134511
331,332,26018000101,Arnedo,14425.0,26018,Arnedo,26,La Rioja,-2.099839836,42.2281599031
332,333,26036000101,Calahorra,24876.0,26036,Calahorra,26,La Rioja,-1.960974101,42.3015546811
333,334,26071000101,Haro,11960.0,26071,Haro,26,La Rioja,-2.845815195,42.5780568771
334,335,26089000201,Logroño,152650.0,26089,Logroño,26,La Rioja,-2.445655384,42.4664494481
335,336,28005000101,Alcalá de Henares,204120.0,28005,Alcalá de Henares,28,Madrid,-3.369251022,40.4803323181
336,337,28006000101,Alcobendas,110080.0,28006,Alcobendas,28,Madrid,-3.632401845,40.5410418811
337,338,28007000101,Alcorcón,168299.0,28007,Alcorcón,28,Madrid,-3.828494937,40.3515697701
338,339,28009000101,Algete,20481.0,28009,Algete,28,Madrid,-3.49771503,40.5959596221
339,340,28010000101,Alpedrete,13163.0,28010,Alpedrete,28,Madrid,-4.023785678,40.6587574491
340,341,28013000201,Aranjuez,55054.0,28013,Aranjuez,28,Madrid,-3.602796929,40.0334014521
341,342,28014000101,Arganda del Rey,53135.0,28014,Arganda del Rey,28,Madrid,-3.439111675,40.3007342311
342,343,28015000101,Arroyomolinos,16207.0,28015,Arroyomolinos,28,Madrid,-3.919355046,40.2681976201
343,344,28022000101,Boadilla del Monte,44709.0,28022,Boadilla del Monte,28,Madrid,-3.875805967,40.4078345711
344,345,28040000101,Ciempozuelos,22656.0,28040,Ciempozuelos,28,Madrid,-3.616501452,40.1585347901
345,346,28045000101,Colmenar Viejo,44437.0,28045,Colmenar Viejo,28,Madrid,-3.766650117,40.6576506761
346,347,28047000101,Collado Villalba,59900.0,28047,Collado Villalba,28,Madrid,-3.992725346,40.6430293651
347,348,28049000101,Coslada,91218.0,28049,Coslada,28,Madrid,-3.565566935,40.4259369091
348,349,28054000401,El Escorial,15108.0,28054,El Escorial,28,Madrid,-4.12698622,40.5849621971
349,350,28058000102,Fuenlabrada,198973.0,28058,Fuenlabrada,28,Madrid,-3.790852868,40.2822189511
350,351,28061000801,Galapagar,32393.0,28061,Galapagar,28,Madrid,-4.003985996,40.5783760921
351,352,28065000301,Getafe,169130.0,28065,Getafe,28,Madrid,-3.729352355,40.3040375351
352,353,28068000201,Guadarrama,15155.0,28068,Guadarrama,28,Madrid,-4.086696748,40.6735060681
353,354,28073000101,Humanes de Madrid,18541.0,28073,Humanes de Madrid,28,Madrid,-3.828447379,40.2502525521
354,355,28074000201,Leganés,187227.0,28074,Leganés,28,Madrid,-3.766555569,40.3317438231
355,356,28079000101,Madrid,3273049.0,28079,Madrid,28,Madrid,-3.703797076,40.4166300011
356,357,28080002201,Majadahonda,69439.0,28080,Majadahonda,28,Madrid,-3.874115128,40.4720996151
357,358,28083000201,Meco,12580.0,28083,Meco,28,Madrid,-3.329081791,40.5537508321
358,359,28084000101,Mejorada del Campo,22812.0,28084,Mejorada del Campo,28,Madrid,-3.488470747,40.3967913681
359,360,28090000101,Moralzarzal,11801.0,28090,Moralzarzal,28,Madrid,-3.972797742,40.6813141151
360,361,28092000101,Móstoles,206015.0,28092,Móstoles,28,Madrid,-3.864888799,40.3235553691
361,362,28096000301,Navalcarnero,23115.0,28096,Navalcarnero,28,Madrid,-4.014780838,40.2884729471
362,363,28104000201,Paracuellos de Jarama,16219.0,28104,Paracuellos de Jarama,28,Madrid,-3.531470479,40.5049185661
363,364,28106000102,Parla,120182.0,28106,Parla,28,Madrid,-3.770869105,40.2378208291
364,365,28113000102,Pinto,44524.0,28113,Pinto,28,Madrid,-3.698249534,40.2431823751
365,366,28115000401,Pozuelo de Alarcón,82804.0,28115,Pozuelo de Alarcón,28,Madrid,-3.815816389,40.4359398671
366,367,28123000701,Vaciamadrid,70840.0,28123,Rivas-Vaciamadrid,28,Madrid,-3.519093574,40.3302786021
367,368,28127000401,Las Rozas de Madrid,88065.0,28127,Las Rozas de Madrid,28,Madrid,-3.874573081,40.4919518731
368,369,28129000101,San Agustín del Guadalix,11885.0,28129,San Agustín del Guadalix,28,Madrid,-3.617431136,40.6789391391
369,370,28130000201,San Fernando de Henares,41384.0,28130,San Fernando de Henares,28,Madrid,-3.535005865,40.4253252091
370,371,28131000201,San Lorenzo de El Escorial,18352.0,28131,San Lorenzo de El Escorial,28,Madrid,-4.145088028,40.5925406291
371,372,28132000701,San Martín de la Vega,18863.0,28132,San Martín de la Vega,28,Madrid,-3.570049467,40.2077115221
372,373,28134000501,San Sebastián de los Reyes,78157.0,28134,San Sebastián de los Reyes,28,Madrid,-3.62671879,40.5470547011
373,374,28148000101,Torrejón de Ardoz,118441.0,28148,Torrejón de Ardoz,28,Madrid,-3.478990187,40.4591561001
374,375,28152001401,Torrelodones,22117.0,28152,Torrelodones,28,Madrid,-3.931355759,40.5764978481
375,376,28160001202,Valdemorillo,11210.0,28160,Valdemorillo,28,Madrid,-4.067051085,40.5021643361
376,377,28161000101,Valdemoro,65922.0,28161,Valdemoro,28,Madrid,-3.678814736,40.1888994761
377,378,28167000101,Velilla de San Antonio,11668.0,28167,Velilla de San Antonio,28,Madrid,-3.488274822,40.3663321521
378,379,28176000401,Villanueva de la Cañada,17271.0,28176,Villanueva de la Cañada,28,Madrid,-4.003408143,40.4477528941
379,380,28177000101,Villanueva del Pardillo,15609.0,28177,Villanueva del Pardillo,28,Madrid,-3.963180646,40.4912478061
380,381,28181000101,Villaviciosa de Odón,26725.0,28181,Villaviciosa de Odón,28,Madrid,-3.896484278,40.3576487801
381,382,28903000103,Tres Cantos,41147.0,28903,Tres Cantos,28,Madrid,-3.704205901,40.6049053451
382,383,29007000201,Alhaurín de la Torre,35832.0,29007,Alhaurín de la Torre,29,Málaga,-4.560450904,36.6631491091
383,384,29008000101,Alhaurín el Grande,23675.0,29008,Alhaurín el Grande,29,Málaga,-4.687024687,36.6451002481
384,385,29012000101,Álora,13474.0,29012,Álora,29,Málaga,-4.706855434,36.8206300121
385,386,29015000101,Antequera,45234.0,29015,Antequera,29,Málaga,-4.55804451,37.0142215021
386,387,29025000201,Benalmádena,61383.0,29025,Benalmádena,29,Málaga,-4.57241989,36.5930614491
387,388,29038000102,Cártama,22173.0,29038,Cártama,29,Málaga,-4.631716527,36.7100578141
388,389,29042000101,Coín,22030.0,29042,Coín,29,Málaga,-4.759586845,36.6598700451
389,390,29051000601,Estepona,66150.0,29051,Estepona,29,Málaga,-5.146357199,36.4265766801
390,391,29054000101,Fuengirola,71783.0,29054,Fuengirola,29,Málaga,-4.623783085,36.5390283851
391,392,29067000502,Málaga,568507.0,29067,Málaga,29,Málaga,-4.419975113,36.7203426641
392,393,29068000505,Manilva,14168.0,29068,Manilva,29,Málaga,-5.250501502,36.3777021541
393,394,29069000901,Marbella,136322.0,29069,Marbella,29,Málaga,-4.884066368,36.5096384721
394,395,29070000901,Mijas,76362.0,29070,Mijas,29,Málaga,-4.639028027,36.5933903851
395,396,29075000303,Nerja,21957.0,29075,Nerja,29,Málaga,-3.874373438,36.7511559091
396,397,29082000301,Rincón de la Victoria,39922.0,29082,Rincón de la Victoria,29,Málaga,-4.277649373,36.7171502191
397,398,29084001301,Ronda,36909.0,29084,Ronda,29,Málaga,-5.165418603,36.7372590531
398,399,29091000401,Torrox,17303.0,29091,Torrox,29,Málaga,-3.952927669,36.7586208431
399,400,29094001201,Vélez-Málaga,75623.0,29094,Vélez-Málaga,29,Málaga,-4.10210923,36.7827081031
400,401,29901000106,Torremolinos,66957.0,29901,Torremolinos,29,Málaga,-4.497597293,36.6211840461
401,402,30002000101,Abarán,12974.0,30002,Abarán,30,Murcia,-1.401180442,38.2025994351
402,403,30003000101,Águilas,34900.0,30003,Águilas,30,Murcia,-1.581125801,37.4042972761
403,404,30005000101,Alcantarilla,41326.0,30005,Alcantarilla,30,Murcia,-1.212912059,37.9716806011
404,405,30008000101,Alhama de Murcia,20269.0,30008,Alhama de Murcia,30,Murcia,-1.424623323,37.8523759401
405,406,30009000301,Archena,18135.0,30009,Archena,30,Murcia,-1.298451366,38.1129756451
406,407,30010000201,Beniel,11027.0,30010,Beniel,30,Murcia,-1.002289485,38.0432570221
407,408,30012000101,Bullas,12424.0,30012,Bullas,30,Murcia,-1.670331571,38.0495613531
408,409,30013000101,Calasparra,10851.0,30013,Calasparra,30,Murcia,-1.693913381,38.2311504541
409,410,30015000401,Caravaca de la Cruz,26449.0,30015,Caravaca de la Cruz,30,Murcia,-1.864307449,38.1049406021
410,411,30016000103,Cartagena,214165.0,30016,Cartagena,30,Murcia,-0.982104938,37.6001734221
411,412,30017000801,Cehegín,16299.0,30017,Cehegín,30,Murcia,-1.80048338,38.0984931351
412,413,30018000301,Ceutí,10448.0,30018,Ceutí,30,Murcia,-1.269607699,38.0790395881
413,414,30019000601,Cieza,35385.0,30019,Cieza,30,Murcia,-1.420037403,38.2399741971
414,415,30021090201,Fuente Álamo de Murcia,15193.0,30021,Fuente Álamo de Murcia,30,Murcia,-1.17101976,37.7228736561
415,416,30022000801,Jumilla,26015.0,30022,Jumilla,30,Murcia,-1.327024755,38.4761731321
416,417,31260001201,Lorca,92694.0,31260,Lorca,31,Navarra,-1.945780486,42.6723625661
417,418,30026001001,Mazarrón,35464.0,30026,Mazarrón,30,Murcia,-1.313375687,37.5992743231
418,419,30027001101,Molina de Segura,65815.0,30027,Molina de Segura,30,Murcia,-1.211632752,38.0505596991
419,420,30029000901,Mula,17076.0,30029,Mula,30,Murcia,-1.490328111,38.0420333851
420,421,30030000100,Murcia,441345.0,30030,Murcia,30,Murcia,-1.128540805,37.9843636131
421,422,30033030201,Puerto Lumbreras,14120.0,30033,Puerto Lumbreras,30,Murcia,-1.810423808,37.5597717381
422,423,30035000901,San Javier,31820.0,30035,San Javier,30,Murcia,-0.83472964,37.8060447371
423,424,30036002501,San Pedro del Pinatar,23903.0,30036,San Pedro del Pinatar,30,Murcia,-0.791455292,37.8350057101
424,425,30037001301,Torre-Pacheco,32471.0,30037,Torre-Pacheco,30,Murcia,-0.953459379,37.7429330421
425,426,30038001801,Las Torres de Cotillas,21282.0,30038,Las Torres de Cotillas,30,Murcia,-1.241196888,38.0295395911
426,427,30039000401,Totana,29333.0,30039,Totana,30,Murcia,-1.50261006,37.7695516841
427,428,30041030501,La Unión,18366.0,30041,La Unión,30,Murcia,-0.875253808,37.6190873801
428,429,30043000401,Yecla,34945.0,30043,Yecla,30,Murcia,-1.115319395,38.6134178001
429,430,30901000301,Santomera,15481.0,30901,Santomera,30,Murcia,-1.047508836,38.0610855961
430,431,30902000101,Los Alcázares,15993.0,30902,Los Alcázares,30,Murcia,-0.853043686,37.7332781471
431,432,31016000201,Ansoáin/Antsoain,10603.0,31016,Ansoáin/Antsoain,31,Navarra,-1.69315704,42.8525903651
432,433,31060000101,Burlada/Burlata,18389.0,31060,Burlada/Burlata,31,Navarra,-1.616421892,42.8250055171
433,434,31086000601,Egüés,14354.0,31086,Egüés,31,Navarra,-1.551585037,42.8249232411
434,435,31097000101,Estella/Lizarra,14207.0,31097,Estella/Lizarra,31,Navarra,-2.031398556,42.6718494861
435,436,31201000201,Pamplona/Iruña,197488.0,31201,Pamplona/Iruña,31,Navarra,-1.645152797,42.8141019951
436,437,31227000101,Tafalla,11413.0,31227,Tafalla,31,Navarra,-1.677141823,42.5283126141
437,438,31232000101,Tudela,35268.0,31232,Tudela,31,Navarra,-1.605781218,42.0634635171
438,439,31258000101,Villava/Atarrabia,10568.0,31258,Villava/Atarrabia,31,Navarra,-1.60645771,42.8301615671
439,440,31901000101,Barañain,21705.0,31901,Barañain,31,Navarra,-1.686579752,42.8049406381
440,441,31907000101,Zizur Mayor/Zizur Nagusia,13316.0,31907,Zizur Mayor/Zizur Nagusia,31,Navarra,-1.695028288,42.7934295991
441,442,33002030101,Cabanaquinta/Cabañaquinta,12582.0,33002,Aller,33,Asturias,-5.623914425,43.1617893751
442,443,33004010101,Avilés,84202.0,33004,Avilés,33,Asturias,-5.924789506,43.5585772891
443,444,33014030101,Candás,11000.0,33014,Carreño,33,Asturias,-5.767180589,43.5901987011
444,445,33016021201,Piedrasblancas,22832.0,33016,Castrillón,33,Asturias,-5.973899382,43.5599837921
445,446,33020021501,Nubledo/Nubleo,16109.0,33020,Corvera de Asturias,33,Asturias,-5.870567219,43.5242973191
446,447,33024090101,Gijón/Xixón,277198.0,33024,Gijón,33,Asturias,-5.659493228,43.5392022161
447,448,33025140401,Lluanco/Luanco,10788.0,33025,Gozón,33,Asturias,-5.792773419,43.6140299161
448,449,33031000101,Llangréu/Langreo,45397.0,33031,Langreo,33,Asturias,-5.683373823,43.2947346081
449,450,33032051401,La Pola Llaviana/Pola de Laviana,14160.0,33032,Laviana,33,Asturias,-5.561574039,43.2446379211
450,451,33033161601,La Pola,12705.0,33033,Lena,33,Asturias,-5.837856195,43.1597499391
451,452,33035080201,Posada,13919.0,33035,Llanera,33,Asturias,-5.851603729,43.4400995171
452,453,33036110401,Llanes,13950.0,33036,Llanes,33,Asturias,-4.753925108,43.4203167571
453,454,33037050101,Mieres del Camín,43688.0,33037,Mieres,33,Asturias,-5.777997802,43.2536300091
454,455,33044190101,Oviedo,225155.0,33044,Oviedo,33,Asturias,-5.843722062,43.3623216491
455,456,33060044101,San Martín del Rey Aurelio,18549.0,33060,San Martín del Rey Aurelio,33,Asturias,-5.603069021,43.2749544661
456,457,33066220601,La Pola Siero,51730.0,33066,Siero,33,Asturias,-5.66098626,43.3912237871
457,458,33076410101,Villaviciosa,14840.0,33076,Villaviciosa,33,Asturias,-5.433531903,43.4799417181
458,459,34120000101,Palencia,82169.0,34120,Palencia,34,Palencia,-4.534601064,42.0078372931
459,460,37046000101,Béjar,14785.0,37046,Béjar,37,Salamanca,-5.767484218,40.3870341961
460,461,37274000201,Salamanca,154462.0,37274,Salamanca,37,Salamanca,-5.665380842,40.9673682181
461,462,37294000201,Santa Marta de Tormes,14756.0,37294,Santa Marta de Tormes,37,Salamanca,-5.631073599,40.9496833991
462,463,39008000101,El Astillero,17545.0,39008,El Astillero,39,Cantabria,-3.817214836,43.4009115031
463,464,39016000701,Muriedas,31552.0,39016,Camargo,39,Cantabria,-3.884856697,43.4079725251
464,465,39020000301,Castro-Urdiales,32258.0,39020,Castro-Urdiales,39,Cantabria,-3.216037944,43.3845838521
465,466,39025000401,Los Corrales de Buelna,11622.0,39025,Los Corrales de Buelna,39,Cantabria,-4.062094111,43.2601027671
466,467,39035000501,Laredo,12378.0,39035,Laredo,39,Cantabria,-3.417284576,43.4106568571
467,468,39052001001,Renedo,21268.0,39052,Piélagos,39,Cantabria,-3.950722242,43.3532989711
468,469,39059000101,Reinosa,10277.0,39059,Reinosa,39,Cantabria,-4.13858341,43.0020640491
469,470,39073000601,Santa Cruz de Bezana,11607.0,39073,Santa Cruz de Bezana,39,Cantabria,-3.904521798,43.4430177071
470,471,39075000501,Santander,181589.0,39075,Santander,39,Cantabria,-3.804747842,43.4629788481
471,472,39079000301,Santoña,11584.0,39079,Santoña,39,Cantabria,-3.455306786,43.4442620491
472,473,39087000801,Torrelavega,55888.0,39087,Torrelavega,39,Cantabria,-4.047165474,43.3516285311
473,474,40194000601,Segovia,55748.0,40194,Segovia,40,Segovia,-4.125241156,40.9498702971
474,475,41004000201,Alcalá de Guadaíra,71740.0,41004,Alcalá de Guadaíra,41,Sevilla,-5.850650574,37.3346645661
475,476,41005000101,Alcalá del Río,11004.0,41005,Alcalá del Río,41,Sevilla,-5.978572527,37.5171085991
476,477,41011000101,Arahal,19335.0,41011,Arahal,41,Sevilla,-5.544762689,37.2626547151
477,478,41018000101,Brenes,12580.0,41018,Brenes,41,Sevilla,-5.873155011,37.5501405451
478,479,41020000101,Las Cabezas de San Juan,16571.0,41020,Las Cabezas de San Juan,41,Sevilla,-5.940758717,36.9807911221
479,480,41023000101,Cantillana,10643.0,41023,Cantillana,41,Sevilla,-5.826289089,37.6052184051
480,481,41024000101,Carmona,28576.0,41024,Carmona,41,Sevilla,-5.649510168,37.4698940821
481,482,41038000101,Dos Hermanas,125086.0,41038,Dos Hermanas,41,Sevilla,-5.913344069,37.2889486201
482,483,41039000401,Écija,40534.0,41039,Écija,41,Sevilla,-5.075435985,37.5407724651
483,484,41041000201,Estepa,12682.0,41041,Estepa,41,Sevilla,-4.876596799,37.2884516681
484,485,41055000301,Lora del Río,19393.0,41055,Lora del Río,41,Sevilla,-5.530358718,37.6533343871
485,486,41058000301,Mairena del Alcor,21100.0,41058,Mairena del Alcor,41,Sevilla,-5.745678507,37.3731194921
486,487,41060000501,Marchena,19861.0,41060,Marchena,41,Sevilla,-5.416412223,37.3336624351
487,488,41065000401,Morón de la Frontera,28467.0,41065,Morón de la Frontera,41,Sevilla,-5.448989266,37.1202246141
488,489,41068000101,Osuna,17926.0,41068,Osuna,41,Sevilla,-5.101206229,37.2375713431
489,490,41069000301,Los Palacios y Villafranca,37279.0,41069,Los Palacios y Villafranca,41,Sevilla,-5.927798304,37.1574394931
490,491,41077000101,La Puebla de Cazalla,11434.0,41077,La Puebla de Cazalla,41,Sevilla,-5.306486458,37.2227209621
491,492,41081000601,La Rinconada,36641.0,41081,La Rinconada,41,Sevilla,-5.97908069,37.4880645181
492,493,41091000201,Sevilla,704198.0,41091,Sevilla,41,Sevilla,-5.992513684,37.3862051151
493,494,41095000602,Utrera,51177.0,41095,Utrera,41,Sevilla,-5.780891981,37.1793522201
494,495,41102000101,El Viso del Alcor,18641.0,41102,El Viso del Alcor,41,Sevilla,-5.718531554,37.3889753421
495,496,42173000401,Soria,39838.0,42173,Soria,42,Soria,-2.466247976,41.7632791191
496,497,44013000101,Alcañiz,16291.0,44013,Alcañiz,44,Teruel,-0.132844335,41.0512553411
497,498,44216000801,Teruel,35241.0,44216,Teruel,44,Teruel,-1.109271771,40.3441295081
498,499,45053000101,Consuegra,10945.0,45053,Consuegra,45,Toledo,-3.610323059,39.4609399261
499,500,45066000101,Fuensalida,11042.0,45066,Fuensalida,45,Toledo,-4.209791245,40.0510891421
500,501,45081000101,Illescas,22482.0,45081,Illescas,45,Toledo,-3.849237711,40.1241241761
501,502,45087000101,Madridejos,11314.0,45087,Madridejos,45,Toledo,-3.533695447,39.4684253981
502,503,45106000101,Mora,10516.0,45106,Mora,45,Toledo,-3.77421246,39.6844219001
503,504,45121000101,Ocaña,10098.0,45121,Ocaña,45,Toledo,-3.499578477,39.9602288631
504,505,45142000101,Quintanar de la Orden,12873.0,45142,Quintanar de la Orden,45,Toledo,-3.042858537,39.5906781561
505,506,45161000301,Seseña,17522.0,45161,Seseña,45,Toledo,-3.698160718,40.1038254681
506,507,45163000201,Sonseca,11331.0,45163,Sonseca,45,Toledo,-3.974255272,39.6764113761
507,508,45165000601,Talavera de la Reina,88986.0,45165,Talavera de la Reina,45,Toledo,-4.833701993,39.9601673691
508,509,45168000103,Toledo,82489.0,45168,Toledo,45,Toledo,-4.024314213,39.8571518731
509,510,45173000101,Torrijos,13374.0,45173,Torrijos,45,Toledo,-4.28548503,39.9815238281
510,511,45185000101,Villacañas,10602.0,45185,Villacañas,45,Toledo,-3.333083348,39.6240618781
511,512,46005000101,Alaquàs,30270.0,46005,Alaquàs,46,València/Valencia,-0.460155272,39.4580785431
512,513,46007000101,Albal,15618.0,46007,Albal,46,València/Valencia,-0.414644478,39.3972118711
513,514,46011000101,Alberic,11325.0,46011,Alberic,46,València/Valencia,-0.517440334,39.1168519321
514,515,46013000101,Alboraya,22409.0,46013,Alboraya,46,València/Valencia,-0.349928453,39.5002460451
515,516,46017000101,Alzira,44758.0,46017,Alzira,46,València/Valencia,-0.435544559,39.1494483141
516,517,46019000101,L'Alcúdia,11246.0,46019,L'Alcúdia,46,València/Valencia,-0.506454469,39.1957637161
517,518,46021000101,Aldaia,30303.0,46021,Aldaia,46,València/Valencia,-0.461975156,39.4649199711
518,519,46022000101,Alfafar,20730.0,46022,Alfafar,46,València/Valencia,-0.390044387,39.4225981711
519,520,46029000101,Algemesí,28329.0,46029,Algemesí,46,València/Valencia,-0.436442686,39.1890727001
520,521,46031000101,Alginet,13363.0,46031,Alginet,46,València/Valencia,-0.469647947,39.2615304151
521,522,46051000101,Benaguasil,11144.0,46051,Benaguasil,46,València/Valencia,-0.586181308,39.5936472511
522,523,46054000101,Benetússer,15399.0,46054,Benetússer,46,València/Valencia,-0.397197445,39.4229657391
523,524,46060000101,Benifaió,12220.0,46060,Benifaió,46,València/Valencia,-0.427330162,39.2851429821
524,525,46070000201,Bétera,21220.0,46070,Bétera,46,València/Valencia,-0.460502562,39.5908675491
525,526,46077000101,Buñol,10077.0,46077,Buñol,46,València/Valencia,-0.789865939,39.4180136301
526,527,46078000101,Burjassot,38170.0,46078,Burjassot,46,València/Valencia,-0.412660507,39.5097320271
527,528,46081000201,Canals,14079.0,46081,Canals,46,València/Valencia,-0.585581836,38.9594633391
528,529,46083000201,Carcaixent,20935.0,46083,Carcaixent,46,València/Valencia,-0.446980551,39.1227619801
529,530,46085000101,Carlet,15606.0,46085,Carlet,46,València/Valencia,-0.519840798,39.2272941951
530,531,46094000101,Catarroja,27175.0,46094,Catarroja,46,València/Valencia,-0.403115952,39.4024862521
531,532,46102000101,Quart de Poblet,25472.0,46102,Quart de Poblet,46,València/Valencia,-0.441896924,39.4837854951
532,533,46105000201,Cullera,23813.0,46105,Cullera,46,València/Valencia,-0.254638475,39.1650808871
533,534,46110000101,Xirivella,30910.0,46110,Xirivella,46,València/Valencia,-0.425240105,39.4657513201
534,535,46111000101,Chiva,14539.0,46111,Chiva,46,València/Valencia,-0.717420503,39.4738852311
535,536,46116000101,L'Eliana,16738.0,46116,L'Eliana,46,València/Valencia,-0.530625921,39.5668034691
536,537,46131000101,Gandia,79430.0,46131,Gandia,46,València/Valencia,-0.179416911,38.9673657841
537,538,46135000104,Godella,13288.0,46135,Godella,46,València/Valencia,-0.411264402,39.5188268541
538,539,46145000601,Xàtiva,29361.0,46145,Xàtiva,46,València/Valencia,-0.518695682,38.9879711621
539,540,46147000109,Llíria,22997.0,46147,Llíria,46,València/Valencia,-0.594428491,39.6258636591
540,541,46159000103,Manises,30508.0,46159,Manises,46,València/Valencia,-0.45700309,39.4916394561
541,542,46164000101,Massamagrell,15339.0,46164,Massamagrell,46,València/Valencia,-0.33056042,39.5702506511
542,543,46166000102,Meliana,10536.0,46166,Meliana,46,València/Valencia,-0.348643426,39.5276122481
543,544,46169000101,Mislata,43792.0,46169,Mislata,46,València/Valencia,-0.417458514,39.4753351311
544,545,46171000202,Moncada,21847.0,46171,Moncada,46,València/Valencia,-0.394112686,39.5553882821
545,546,46181000201,Oliva,28307.0,46181,Oliva,46,València/Valencia,-0.120655204,38.9208754831
546,547,46184000101,Ontinyent,37935.0,46184,Ontinyent,46,València/Valencia,-0.606490618,38.8228812891
547,548,46186000101,Paiporta,23980.0,46186,Paiporta,46,València/Valencia,-0.418790755,39.4283119781
548,549,46190000301,Paterna,65921.0,46190,Paterna,46,València/Valencia,-0.442573786,39.5027368781
549,550,46193000101,Picanya,11137.0,46193,Picanya,46,València/Valencia,-0.435727115,39.4359209251
550,551,46194000109,Picassent,19944.0,46194,Picassent,46,València/Valencia,-0.45913698,39.3627431921
551,552,46202000101,La Pobla de Vallbona,21111.0,46202,La Pobla de Vallbona,46,València/Valencia,-0.552968987,39.5924205831
552,553,46205000301,Puçol,19295.0,46205,Puçol,46,València/Valencia,-0.303178679,39.6163189421
553,554,46213003101,Requena,21448.0,46213,Requena,46,València/Valencia,-1.100269752,39.4860641041
554,555,46214000201,Riba-roja de Túria,20755.0,46214,Riba-roja de Túria,46,València/Valencia,-0.570612217,39.5460253501
555,556,46220000603,Sagunto/Sagunt,66259.0,46220,Sagunto/Sagunt,46,València/Valencia,-0.28966011,39.6761807361
556,557,46230000101,Silla,19143.0,46230,Silla,46,València/Valencia,-0.40918614,39.3636760701
557,558,46235000801,Sueca,28926.0,46235,Sueca,46,València/Valencia,-0.315523887,39.2024283421
558,559,46238000101,Tavernes de la Valldigna,18130.0,46238,Tavernes de la Valldigna,46,València/Valencia,-0.267219427,39.0725660431
559,560,46244000401,Torrent,79843.0,46244,Torrent,46,València/Valencia,-0.464961851,39.4370848561
560,561,46249000701,Utiel,12421.0,46249,Utiel,46,València/Valencia,-1.205386013,39.5671549681
561,562,46250001401,Valencia,809267.0,46250,Valencia,46,València/Valencia,-0.375657174,39.4753444131
562,563,47010000101,Arroyo de la Encomienda,12758.0,47010,Arroyo de la Encomienda,47,Valladolid,-4.797805642,41.6091075561
563,564,47076000301,Laguna de Duero,22110.0,47076,Laguna de Duero,47,Valladolid,-4.722149401,41.5833176051
564,565,47085000201,Medina del Campo,21632.0,47085,Medina del Campo,47,Valladolid,-4.915187412,41.3075781141
565,566,47186000501,Valladolid,315522.0,47186,Valladolid,47,Valladolid,-4.723349241,41.6523277671
566,567,48003000201,Amorebieta,17969.0,48003,Amorebieta-Etxano,48,Vizcaya,-2.735120075,43.2181901781
567,568,48011000201,Arrigorriaga,12358.0,48011,Arrigorriaga,48,Vizcaya,-2.888395414,43.2056204321
568,569,48013000401,San Vicente de Barakaldo/San Bizenti-Barakaldo,99321.0,48013,Barakaldo,48,Vizcaya,-2.997320449,43.2956770371
569,570,48015000101,Arizgoiti,42452.0,48015,Basauri,48,Vizcaya,-2.885434265,43.2352969791
570,571,48017000601,Bermeo,17026.0,48017,Bermeo,48,Vizcaya,-2.72254057,43.4202585541
571,572,48020000101,Bilbao,353187.0,48020,Bilbao,48,Vizcaya,-2.92390606,43.2572195651
572,573,48027000101,Durango,28261.0,48027,Durango,48,Vizcaya,-2.630903952,43.1679872041
573,574,48034000101,Ermua,16196.0,48034,Ermua,48,Vizcaya,-2.502333029,43.1860844461
574,575,48036000301,Kurtzea,29254.0,48036,Galdakao,48,Vizcaya,-2.832286169,43.2372031931
575,576,48044000101,Algorta,80277.0,48044,Getxo,48,Vizcaya,-3.0180508,43.3627417171
576,577,48046050301,Gernika-Lumo,16295.0,48046,Gernika-Lumo,48,Vizcaya,-2.681464359,43.3145196501
577,578,48054000202,Leioa,30262.0,48054,Leioa,48,Vizcaya,-2.986390223,43.3279755931
578,579,48069010301,Mungia,16527.0,48069,Mungia,48,Vizcaya,-2.847696578,43.3540594661
579,580,48078000101,Portugalete,47856.0,48078,Portugalete,48,Vizcaya,-3.023069638,43.3182674261
580,581,48080000801,Valle de Trápaga/Trapagaran,12317.0,48080,Valle de Trápaga-Trapagaran,48,Vizcaya,-3.037429094,43.3050540401
581,582,48082000201,Santurtzi,47101.0,48082,Santurtzi,48,Vizcaya,-3.038698589,43.3240082391
582,583,48084000101,Sestao,29224.0,48084,Sestao,48,Vizcaya,-3.006629605,43.3111378201
583,584,48085000101,Sopelana,12527.0,48085,Sopelana,48,Vizcaya,-2.995747679,43.3867308851
584,585,48902000101,Altzaga,24294.0,48902,Erandio,48,Vizcaya,-2.953707239,43.3073013371
585,586,49021000101,Benavente,19100.0,49021,Benavente,49,Zamora,-5.680069119,42.0017290181
586,587,49275000201,Zamora,65998.0,49275,Zamora,49,Zamora,-5.754948307,41.4991395581
587,588,50067000101,Calatayud,21717.0,50067,Calatayud,50,Zaragoza,-1.644726373,41.3543193071
588,589,50095000301,Ejea de los Caballeros,17344.0,50095,Ejea de los Caballeros,50,Zaragoza,-1.137781444,42.1290562221
589,590,50251000101,Tarazona,11131.0,50251,Tarazona,50,Zaragoza,-1.725186418,41.9026481311
590,591,50272000101,Utebo,17999.0,50272,Utebo,50,Zaragoza,-0.994461484,41.7150687391
591,592,50297001701,Zaragoza,675121.0,50297,Zaragoza,50,Zaragoza,-0.879286519,41.6564565471
592,593,51001000201,Ceuta,80579.0,51001,Ceuta,51,Ceuta,-5.322731616,35.8888018841
593,594,03041000101,Benissa,13369.0,03041,Benissa,03,Alacant/Alicante,0.0504335830001,38.7151968961
594,595,03047000101,Calp,29909.0,03047,Calp,03,Alacant/Alicante,0.0445380890001,38.6452626051
595,596,03063000101,Dénia,44498.0,03063,Dénia,03,Alacant/Alicante,0.106607837,38.8412267671
596,597,03082000214,Jávea/Xàbia,31909.0,03082,Jávea/Xàbia,03,Alacant/Alicante,0.138375121,38.7556286651
597,598,03128000215,Teulada,14778.0,03128,Teulada,03,Alacant/Alicante,0.138910948,38.7047389311
598,599,07003000101,Alcúdia,19112.0,07003,Alcúdia,07,Illes Balears,3.120521675,39.8513323211
599,600,07005000101,Andratx,11682.0,07005,Andratx,07,Illes Balears,2.421667376,39.5769856641
600,601,07011000301,Calvià,51462.0,07011,Calvià,07,Illes Balears,2.502482811,39.5658891991
601,602,07014000201,Capdepera,11929.0,07014,Capdepera,07,Illes Balears,3.433358317,39.7027208271
602,603,07015000301,Ciutadella,29247.0,07015,Ciutadella de Menorca,07,Illes Balears,3.837940369,40.0019194111
603,604,07022000301,Felanitx,18225.0,07022,Felanitx,07,Illes Balears,3.149175148,39.4687249331
604,605,07026000101,Eivissa,49516.0,07026,Eivissa,07,Illes Balears,1.436217501,38.9066693141
605,606,07027000101,Inca,29321.0,07027,Inca,07,Illes Balears,2.911967467,39.7211852781
606,607,07031000301,Llucmajor,36681.0,07031,Llucmajor,07,Illes Balears,2.890301654,39.4907550081
607,608,07032001001,Maó,29050.0,07032,Maó,07,Illes Balears,4.265465546,39.8875221771
608,609,07033000601,Manacor,40859.0,07033,Manacor,07,Illes Balears,3.209521362,39.5688908091
609,610,07036000101,La Cabaneta,33883.0,07036,Marratxí,07,Illes Balears,2.753079475,39.6416301371
610,611,07040001201,Palma,404681.0,07040,Palma,07,Illes Balears,2.651816979,39.5711469881
611,612,07042000401,Pollença,16981.0,07042,Pollença,07,Illes Balears,3.015753529,39.8774957791
612,613,07044000101,Sa Pobla,12831.0,07044,Sa Pobla,07,Illes Balears,3.023399113,39.7700322141
613,614,07046000201,Sant Antoni de Portmany,22136.0,07046,Sant Antoni de Portmany,07,Illes Balears,1.304170326,38.9808747251
614,615,07048000502,Sant Josep de sa Talaia,22871.0,07048,Sant Josep de sa Talaia,07,Illes Balears,1.29287595,38.9218809331
615,616,07054000415,Santa Eulalia del Río,32637.0,07054,Santa Eulalia del Río,07,Illes Balears,1.514283262,38.9551026771
616,617,07055000201,Santa Margalida,11626.0,07055,Santa Margalida,07,Illes Balears,3.101272124,39.7030897191
617,618,07057000801,Santanyí,12823.0,07057,Santanyí,07,Illes Balears,3.129444465,39.3545032751
618,619,07061000401,Sóller,14075.0,07061,Sóller,07,Illes Balears,2.714137672,39.7644572951
619,620,07062000801,Son Servera,12286.0,07062,Son Servera,07,Illes Balears,3.360063372,39.6204387731
620,621,08006000101,Arenys de Mar,14688.0,08006,Arenys de Mar,08,Barcelona,2.549538673,41.5805566451
621,622,08009000101,Argentona,11718.0,08009,Argentona,08,Barcelona,2.400733043,41.5541460481
622,623,08015000101,Badalona,218886.0,08015,Badalona,08,Barcelona,2.246253678,41.4526248091
623,624,08019000101,Barcelona,1619337.0,08019,Barcelona,08,Barcelona,2.176349275,41.3842466401
624,625,08022000101,Berga,17161.0,08022,Berga,08,Barcelona,1.844024703,42.1032887381
625,626,08033000101,Caldes de Montbui,17019.0,08033,Caldes de Montbui,08,Barcelona,2.164880782,41.6312171821
626,627,08035000101,Calella,18625.0,08035,Calella,08,Barcelona,2.658074349,41.6137867571
627,628,08040000101,Canet de Mar,13915.0,08040,Canet de Mar,08,Barcelona,2.58263796,41.5896339821
628,629,08041000201,Canovelles,16076.0,08041,Canovelles,08,Barcelona,2.282879959,41.6173948111
629,630,08046000101,Cardedeu,16897.0,08046,Cardedeu,08,Barcelona,2.356439814,41.6385734511
630,631,08051000401,Castellar del Vallès,23129.0,08051,Castellar del Vallès,08,Barcelona,2.085805163,41.6180777601
631,632,08054000101,Castellbisbal,12223.0,08054,Castellbisbal,08,Barcelona,1.980461765,41.4748609411
632,633,08056000101,Castelldefels,62250.0,08056,Castelldefels,08,Barcelona,1.976806411,41.2787734251
633,634,08072000503,Corbera de Llobregat,14000.0,08072,Corbera de Llobregat,08,Barcelona,1.929147386,41.4148113291
634,635,08073000301,Cornellà de Llobregat,87240.0,08073,Cornellà de Llobregat,08,Barcelona,2.070132024,41.3554693371
635,636,08074000102,Cubelles,13995.0,08074,Cubelles,08,Barcelona,1.6728148,41.2087257041
636,637,08076000401,Esparreguera,22042.0,08076,Esparreguera,08,Barcelona,1.868846928,41.5412373521
637,638,08077000101,Esplugues de Llobregat,46649.0,08077,Esplugues de Llobregat,08,Barcelona,2.084089505,41.3721189441
638,639,08086000201,Corró d'Avall,18114.0,08086,Les Franqueses del Vallès,08,Barcelona,2.297159205,41.6177892391
639,640,08088000101,La Garriga,15069.0,08088,La Garriga,08,Barcelona,2.286579406,41.6858173841
640,641,08089000401,Gavà,46383.0,08089,Gavà,08,Barcelona,2.003299044,41.3033166571
641,642,08096000101,Granollers,59691.0,08096,Granollers,08,Barcelona,2.286176998,41.6079308441
642,643,08101000101,L'Hospitalet de Llobregat,258642.0,08101,L'Hospitalet de Llobregat,08,Barcelona,2.101382868,41.3597705081
643,644,08102000101,Igualada,39149.0,08102,Igualada,08,Barcelona,1.618283886,41.5789508151
644,645,08105000101,La Llagosta,13713.0,08105,La Llagosta,08,Barcelona,2.19120729,41.5139876631
645,646,08107000101,Lliçà d'Amunt,14356.0,08107,Lliçà d'Amunt,08,Barcelona,2.238316483,41.6109835891
646,647,08110000101,Malgrat de Mar,18596.0,08110,Malgrat de Mar,08,Barcelona,2.742167214,41.6463403911
647,648,08112000101,Manlleu,20450.0,08112,Manlleu,08,Barcelona,2.285028177,42.0011267031
648,649,08113000601,Manresa,76209.0,08113,Manresa,08,Barcelona,1.827210264,41.7219959431
649,650,08114000201,Martorell,26815.0,08114,Martorell,08,Barcelona,1.919125494,41.4780031671
650,651,08118000101,El Masnou,22536.0,08118,El Masnou,08,Barcelona,2.316489776,41.4794375791
651,652,08121000101,Mataró,122905.0,08121,Mataró,08,Barcelona,2.446580616,41.5408468931
652,653,08123000101,Molins de Rei,24236.0,08123,Molins de Rei,08,Barcelona,2.017369078,41.4132110961
653,654,08124000101,Mollet del Vallès,52459.0,08124,Mollet del Vallès,08,Barcelona,2.213491185,41.5392455551
654,655,08125000201,Montcada,33656.0,08125,Montcada i Reixac,08,Barcelona,2.187963752,41.4868076671
655,656,08126000101,Montgat,10584.0,08126,Montgat,08,Barcelona,2.282541849,41.4678543701
656,657,08136000101,Montornès del Vallès,15790.0,08136,Montornès del Vallès,08,Barcelona,2.265310712,41.5430110451
657,658,08147000101,Olesa de Montserrat,23646.0,08147,Olesa de Montserrat,08,Barcelona,1.8938611,41.5458400461
658,659,08156000501,Palau-solità i Plegamans,14190.0,08156,Palau-solità i Plegamans,08,Barcelona,2.180682323,41.5873942131
659,660,08157000301,Pallejà,11263.0,08157,Pallejà,08,Barcelona,1.996106615,41.4241248351
660,661,08159000304,Parets del Vallès,17805.0,08159,Parets del Vallès,08,Barcelona,2.234477229,41.5732903521
661,662,08161000801,Piera,14576.0,08161,Piera,08,Barcelona,1.747099851,41.5207993631
662,663,08163000104,Pineda de Mar,25893.0,08163,Pineda de Mar,08,Barcelona,2.689665521,41.6287646991
663,664,08169000101,El Prat de Llobregat,63434.0,08169,El Prat de Llobregat,08,Barcelona,2.092623601,41.3309584761
664,665,08172000101,Premià de Mar,27802.0,08172,Premià de Mar,08,Barcelona,2.356621251,41.4896047031
665,666,08180000101,Ripollet,37151.0,08180,Ripollet,08,Barcelona,2.155175944,41.4970833251
666,667,08181000101,La Roca del Vallès,10291.0,08181,La Roca del Vallès,08,Barcelona,2.325426958,41.5865867651
667,668,08184000101,Rubí,73591.0,08184,Rubí,08,Barcelona,2.030032523,41.4917369481
668,669,08187000301,Sabadell,207338.0,08187,Sabadell,08,Barcelona,2.107789936,41.5469589841
669,670,08194000101,Sant Adrià de Besòs,34104.0,08194,Sant Adrià de Besòs,08,Barcelona,2.214475686,41.4340279361
670,671,08196000301,Sant Andreu de la Barca,26682.0,08196,Sant Andreu de la Barca,08,Barcelona,1.975239245,41.4467565931
671,672,08197000101,Sant Andreu de Llavaneres,10303.0,08197,Sant Andreu de Llavaneres,08,Barcelona,2.482471636,41.5742770651
672,673,08200000101,Sant Boi de Llobregat,82411.0,08200,Sant Boi de Llobregat,08,Barcelona,2.041821158,41.3425371011
673,674,08202000601,Sant Celoni,16905.0,08202,Sant Celoni,08,Barcelona,2.489840396,41.6897173981
674,675,08205000301,Sant Cugat del Vallès,81745.0,08205,Sant Cugat del Vallès,08,Barcelona,2.085264717,41.4734540291
675,676,08211000101,Sant Feliu de Llobregat,43112.0,08211,Sant Feliu de Llobregat,08,Barcelona,2.045794273,41.3807437501
676,677,08217000101,Sant Joan Despí,32338.0,08217,Sant Joan Despí,08,Barcelona,2.055420545,41.3675640161
677,678,08218000301,Sant Joan de Vilatorrada,10856.0,08218,Sant Joan de Vilatorrada,08,Barcelona,1.806663931,41.7447609031
678,679,08219000101,Vilassar de Mar,19574.0,08219,Vilassar de Mar,08,Barcelona,2.391818617,41.5034515431
679,680,08221000101,Sant Just Desvern,15923.0,08221,Sant Just Desvern,08,Barcelona,2.076096681,41.3860258841
680,681,08231000501,Sant Pere de Ribes,28399.0,08231,Sant Pere de Ribes,08,Barcelona,1.771962918,41.2606931111
681,682,08238000401,Sant Quirze del Vallès,18702.0,08238,Sant Quirze del Vallès,08,Barcelona,2.080981948,41.5332912391
682,683,08240000501,Sant Sadurní d'Anoia,12323.0,08240,Sant Sadurní d'Anoia,08,Barcelona,1.790068765,41.4247105021
683,684,08245000101,Santa Coloma de Gramenet,120060.0,08245,Santa Coloma de Gramenet,08,Barcelona,2.2121554,41.4536573041
684,685,08252000201,Barberà del Vallès,31688.0,08252,Barberà del Vallès,08,Barcelona,2.126594245,41.5172533861
685,686,08260000301,Santa Perpètua de Mogoda,25191.0,08260,Santa Perpètua de Mogoda,08,Barcelona,2.179048335,41.5354379551
686,687,08263000101,Sant Vicenç dels Horts,28024.0,08263,Sant Vicenç dels Horts,08,Barcelona,2.010656005,41.3927246371
687,688,08266000101,Cerdanyola del Vallès,58407.0,08266,Cerdanyola del Vallès,08,Barcelona,2.139892599,41.4913405401
688,689,08270000301,Sitges,28130.0,08270,Sitges,08,Barcelona,1.80568423,41.2371694381
689,690,08279000405,Terrassa,212724.0,08279,Terrassa,08,Barcelona,2.012151409,41.5623634551
690,691,08284000103,Tordera,15641.0,08284,Tordera,08,Barcelona,2.719251903,41.6999252431
691,692,08285000201,Torelló,13944.0,08285,Torelló,08,Barcelona,2.263344887,42.0469146391
692,693,08298000101,Vic,40422.0,08298,Vic,08,Barcelona,2.255735688,41.9283835351
693,694,08301000101,Viladecans,64077.0,08301,Viladecans,08,Barcelona,2.018247154,41.3173252871
694,695,08302000101,Vilanova del Camí,12644.0,08302,Vilanova del Camí,08,Barcelona,1.639322129,41.5716178731
695,696,08305000501,Vilafranca del Penedès,38218.0,08305,Vilafranca del Penedès,08,Barcelona,1.69773475,41.3472119651
696,697,08307000101,Vilanova i la Geltrú,66532.0,08307,Vilanova i la Geltrú,08,Barcelona,1.723827973,41.2272197781
697,698,08904000101,Badia del Vallès,13703.0,08904,Badia del Vallès,08,Barcelona,2.1146554,41.5077405861
698,699,12027000101,Benicarló,26616.0,12027,Benicarló,12,Castelló/Castellón,0.423951182,40.4188902201
699,700,12028000101,Benicasim/Benicàssim,18206.0,12028,Benicasim/Benicàssim,12,Castelló/Castellón,0.0647391000001,40.0553659731
700,701,12085000301,Oropesa del Mar/Orpesa,10787.0,12085,Oropesa del Mar/Orpesa,12,Castelló/Castellón,0.134073021,40.0923664101
701,702,12138000101,Vinaròs,28291.0,12138,Vinaròs,12,Castelló/Castellón,0.474862545,40.4709256881
702,703,17015000101,Banyoles,18780.0,17015,Banyoles,17,Girona,2.769469896,42.1205913691
703,704,17022000101,La Bisbal d'Empordà,10397.0,17022,La Bisbal d'Empordà,17,Girona,3.038286372,41.9601301761
704,705,17023000101,Blanes,40010.0,17023,Blanes,17,Girona,2.79229296,41.6759215631
705,706,17034000201,Calonge,10789.0,17034,Calonge,17,Girona,3.073144834,41.8622879861
706,707,17047000201,Castelló d'Empúries,12220.0,17047,Castelló d'Empúries,17,Girona,3.076300649,42.2596113561
707,708,17048000601,Platja d'Aro,10445.0,17048,Castell-Platja d'Aro,17,Girona,3.06798443,41.8142660591
708,709,17062000401,L'Escala,10387.0,17062,L'Escala,17,Girona,3.132996088,42.1246723481
709,710,17066000101,Figueres,44255.0,17066,Figueres,17,Girona,2.960278046,42.2678358951
710,711,17079000501,Girona,96236.0,17079,Girona,17,Girona,2.824118991,41.9818607451
711,712,17095000501,Lloret de Mar,39794.0,17095,Lloret de Mar,17,Girona,2.847395069,41.6995794351
712,713,17114000301,Olot,33589.0,17114,Olot,17,Girona,2.488165594,42.1818379291
713,714,17117000601,Palafrugell,22622.0,17117,Palafrugell,17,Girona,3.163977639,41.9171815871
714,715,17118000401,Palamós,18057.0,17118,Palamós,17,Girona,3.12865803,41.8467467501
715,716,17147000701,Ripoll,10991.0,17147,Ripoll,17,Girona,2.190826129,42.2012735111
716,717,17152000801,Roses,20418.0,17152,Roses,17,Girona,3.178308988,42.2618298631
717,718,17155000101,Salt,30304.0,17155,Salt,17,Girona,2.781412348,41.9743751271
718,719,17160000601,Sant Feliu de Guíxols,21975.0,17160,Sant Feliu de Guíxols,17,Girona,3.028695337,41.7804256371
719,720,17180000401,Santa Coloma de Farners,11948.0,17180,Santa Coloma de Farners,17,Girona,2.663116241,41.8635130411
720,721,17199000402,Torroella de Montgrí,11522.0,17199,Torroella de Montgrí,17,Girona,3.126215961,42.0433251301
721,722,22048000101,Barbastro,17080.0,22048,Barbastro,22,Huesca,0.122462053,42.0366272661
722,723,22112000101,Fraga,14539.0,22112,Fraga,22,Huesca,0.348974303,41.5222114861
723,724,22158000301,Monzón,17115.0,22158,Monzón,22,Huesca,0.1946465,41.9103117111
724,725,25040000101,Balaguer,16766.0,25040,Balaguer,25,Lleida,0.804577949,41.7915228681
725,726,25120000601,Lleida,137387.0,25120,Lleida,25,Lleida,0.620619343,41.6152735431
726,727,25137000101,Mollerussa,14733.0,25137,Mollerussa,25,Lleida,0.893915147,41.6296768191
727,728,25203000801,La Seu d'Urgell,13060.0,25203,La Seu d'Urgell,25,Lleida,1.461979471,42.3577088491
728,729,25217000801,Tàrrega,17189.0,25217,Tàrrega,25,Lleida,1.139354294,41.6465845191
729,730,43004000101,Alcanar,10545.0,43004,Alcanar,43,Tarragona,0.48110591,40.5439691251
730,731,43014000101,Amposta,21365.0,43014,Amposta,43,Tarragona,0.57831025,40.7103883021
731,732,43037000201,Calafell,24423.0,43037,Calafell,43,Tarragona,1.568348582,41.2017175701
732,733,43038000202,Cambrils,32422.0,43038,Cambrils,43,Tarragona,1.051797777,41.0744516971
733,734,43051000101,Cunit,12464.0,43051,Cunit,43,Tarragona,1.634060678,41.1978679921
734,735,43092000201,Mont-roig del Camp,12193.0,43092,Mont-roig del Camp,43,Tarragona,0.95911492,41.0877731821
735,736,43123000601,Reus,106622.0,43123,Reus,43,Tarragona,1.109861177,41.1541072501
736,737,43136000201,Sant Carles de la Ràpita,15583.0,43136,Sant Carles de la Ràpita,43,Tarragona,0.59230274,40.6195715901
737,738,43148001301,Tarragona,140184.0,43148,Tarragona,43,Tarragona,1.258421903,41.1191028641
738,739,43153000401,Torredembarra,15406.0,43153,Torredembarra,43,Tarragona,1.395579225,41.1450812741
739,740,43155001601,Tortosa,34473.0,43155,Tortosa,43,Tarragona,0.525006308,40.8110214591
740,741,43161000401,Valls,25158.0,43161,Valls,43,Tarragona,1.247384197,41.2838885031
741,742,43163000601,El Vendrell,36068.0,43163,El Vendrell,43,Tarragona,1.535013675,41.2204306771
742,743,43171000501,Vila-seca,21373.0,43171,Vila-seca,43,Tarragona,1.145197661,41.1109233161
743,744,43901000301,Deltebre,12098.0,43901,Deltebre,43,Tarragona,0.738443695,40.7173027601
744,745,43905000103,Salou,27016.0,43905,Salou,43,Tarragona,1.131979613,41.0768506821
745,746,08001001401,Abrera,11469.0,08001,Abrera,08,Barcelona,1.902210177,41.5179435221
746,747,08230000201,Premià de Dalt,10064.0,08230,Premià de Dalt,08,Barcelona,2.341580447,41.5080204521
747,748,08295001201,Vallirana,14200.0,08295,Vallirana,08,Barcelona,1.931076488,41.3854293161
748,749,03140000510,Villena,34968.0,03140,Villena,03,Alacant/Alicante,-0.861383427,38.6296380991
749,750,52001000301,Melilla,76034.0,52001,Melilla,52,Melilla,-2.945015817,35.2875921581
750,751,35019000000,San Bartolomé de Tirajana,53288.0,35019,San Bartolomé de Tirajana,35,Las Palmas,-15.571382596,27.9240013752
751,752,24142000801,Trobajo del Camino,21231.0,24142,San Andrés del Rabanedo,24,León,-5.607308064,42.5964108861
752,753,35011000100,Carrizal,12429.0,35011,Ingenio,35,Las Palmas,-15.409032532,27.9118061142
753,754,35014000200,Corralejo,14425.0,35014,La Oliva,35,Las Palmas,-13.869406353,28.7381572022
754,755,35016003600,Tamaraceite,25171.0,35016,Las Palmas de Gran Canaria,35,Las Palmas,-15.476377117,28.0976755092
755,756,35016005000,Tafira,12698.0,35016,Las Palmas de Gran Canaria,35,Las Palmas,-15.457563067,28.0649977052
756,757,35018000500,Playa Honda,10220.0,35018,San Bartolomé,35,Las Palmas,-13.591042187,28.9543917462
757,758,35019003800,San Fernando,18823.0,35019,San Bartolomé de Tirajana,35,Las Palmas,-15.586616392,27.7703395782
758,759,35022000100,Cruce de Sardina,24514.0,35022,Santa Lucía de Tirajana,35,Las Palmas,-15.430663781,27.8568541872
759,760,35022000200,El Doctoral,15012.0,35022,Santa Lucía de Tirajana,35,Las Palmas,-15.454504556,27.8321129352
760,761,35022001300,Vecindario,11583.0,35022,Santa Lucía de Tirajana,35,Las Palmas,-15.44685305,27.8417270442
761,762,35026004800,Valle de Jinámar,15768.0,35026,Telde,35,Las Palmas,-15.414048058,28.0277907092
762,763,35028000700,Puerto del Carmen,11160.0,35028,Tías,35,Las Palmas,-13.668735946,28.9249904172
763,764,35034000400,Playa Blanca,10759.0,35034,Yaiza,35,Las Palmas,-13.83011622,28.8637247282
764,765,38001001700,Playa de las Américas,18562.0,38001,Adeje,38,Santa Cruz de Tenerife,-16.729435783,28.0680704332
765,766,38006000500,Los Cristianos,19383.0,38006,Arona,38,Santa Cruz de Tenerife,-16.71679841,28.0538272802
766,767,38017001700,San Isidro,18371.0,38017,Granadilla de Abona,38,Santa Cruz de Tenerife,-16.560838523,28.0756116212
767,768,38023000400,La Cuesta,25393.0,38023,San Cristóbal de La Laguna,38,Santa Cruz de Tenerife,-16.287060445,28.4696104782
768,769,38023001900,Taco,23054.0,38023,San Cristóbal de La Laguna,38,Santa Cruz de Tenerife,-16.298222868,28.4469408352
769,770,38038002700,El Sobradillo,14094.0,38038,Santa Cruz de Tenerife,38,Santa Cruz de Tenerife,-16.325894508,28.4401194102
770,771,11027002700,Costa Oeste,11628.0,11027,El Puerto de Santa María,11,Cádiz,-6.267778189,36.6028192401
771,772,11032000200,Bonanza,10260.0,11032,Sanlúcar de Barrameda,11,Cádiz,-6.334164013,36.8014206271
772,773,15002041100,O Milladoiro,11359.0,15002,Ames,15,A Coruña,-8.577553064,42.8440302491
773,774,03090000100,Mutxamel,23066.0,03090,Mutxamel,03,Alacant/Alicante,-0.445223313,38.4136839551
774,775,03099000800,Orihuela Costa,29263.0,03099,Orihuela,03,Alacant/Alicante,-0.7551347,37.9044722681
775,776,04079000100,Aguadulce,14636.0,04079,Roquetas de Mar,04,Almería,-2.56398481,36.8165706971
776,777,04902000900,Santa María del Águila,11059.0,04902,El Ejido,04,Almería,-2.774539753,36.7809195991
777,778,28022001700,Urbanizaciónes Noroeste,11042.0,28022,Boadilla del Monte,28,Madrid,-3.896958811,40.4316996011
778,779,28047000500,La Estación,42388.0,28047,Collado Villalba,28,Madrid,-4.011078353,40.6287987581
779,780,28058000500,Loranca,27955.0,28058,Fuenlabrada,28,Madrid,-3.836714779,40.2991132901
780,781,28065000700,El Bercial,12814.0,28065,Getafe,28,Madrid,-3.736770766,40.3272703921
781,782,28074000100,Fortuna,12840.0,28074,Leganés,28,Madrid,-3.780325639,40.3580667391
782,783,28092000200,Parque Coimbra,10506.0,28092,Móstoles,28,Madrid,-3.922183199,40.3110768581
783,784,28115002300,Humera-Somosaguas-prado del Rey,14800.0,28115,Pozuelo de Alarcón,28,Madrid,-3.783852545,40.4287643621
784,785,28123001800,La Partija-Santa Monica,57757.0,28123,Rivas-Vaciamadrid,28,Madrid,-3.543107795,40.3684307661
785,786,28127001500,Las Matas-Pinar-Monte Rozas,45028.0,28127,Las Rozas de Madrid,28,Madrid,-3.893586724,40.5518416531
786,787,29007000700,Los Tomillares,12637.0,29007,Alhaurín de la Torre,29,Málaga,-4.554227569,36.6569026641
787,788,29025000100,Arroyo de la Miel-Benalmadena Costa,52061.0,29025,Benalmádena,29,Málaga,-4.537703781,36.5882138981
788,789,29038000500,Estacion,11813.0,29038,Cártama,29,Málaga,-4.609799797,36.7360004071
789,790,29067000100,Campanillas,17349.0,29067,Málaga,29,Málaga,-4.544781159,36.7261172621
790,791,29067000200,Churriana,18505.0,29067,Málaga,29,Málaga,-4.502411068,36.6675457681
791,792,29069001000,Nueva Andalucía,14441.0,29069,Marbella,29,Málaga,-4.97536441,36.5006534651
792,793,29069001300,San Pedro de Alcántara,33891.0,29069,Marbella,29,Málaga,-4.990642211,36.4868792351
793,794,29070000700,Las Lagunas,41299.0,29070,Mijas,29,Málaga,-4.639863826,36.5377357641
794,795,29070001600,Calahonda-Chaparral,25364.0,29070,Mijas,29,Málaga,-4.738797147,36.4862083531
795,796,29082000200,La Cala del Moral,12595.0,29082,Rincón de la Victoria,29,Málaga,-4.31224762,36.7145024161
796,797,29091000500,Torrox-Costa,10616.0,29091,Torrox,29,Málaga,-3.96383915,36.7299120491
797,798,29094000900,Torre del Mar,21368.0,29094,Vélez-Málaga,29,Málaga,-4.096140111,36.7404859691
798,799,30016200200,Barrio de Peral,15270.0,30016,Cartagena,30,Murcia,-0.991898531,37.6264304581
799,800,30016200300,San Antonio Abad,24350.0,30016,Cartagena,30,Murcia,-1.001984448,37.6179141681
800,801,30024000400,Lorca,59683.0,30024,Lorca,30,Murcia,-1.699307542,37.6770013281
801,802,30026001300,Puerto de Mazarrón,10967.0,30026,Mazarrón,30,Murcia,-1.259213169,37.5660425821
802,803,30027001400,Romeral,12498.0,30027,Molina de Segura,30,Murcia,-1.206400853,38.0888519001
803,804,30030001600,Beniaján,11233.0,30030,Murcia,30,Murcia,-1.07199355,37.9749787011
804,805,30030001700,El Palmar O Lugar de Don Juan,23025.0,30030,Murcia,30,Murcia,-1.154577057,37.9413380911
805,806,30030020100,Alberca de las Torres,11812.0,30030,Murcia,30,Murcia,-1.140613257,37.9400367661
806,807,30030100100,Cabezo de Torres,12039.0,30030,Murcia,30,Murcia,-1.121391919,38.0244418891
807,808,30030350700,Puente Tocinos,15119.0,30030,Murcia,30,Murcia,-1.111644921,37.9896536461
808,809,33044190600,Corredoria,14511.0,33044,Oviedo,33,Asturias,-5.823922772,43.3848093871
809,810,33066180300,Lugones/Llugones,12625.0,33066,Siero,33,Asturias,-5.806239748,43.4018214491
810,811,39075000300,Peñacastillo,15717.0,39075,Santander,39,Cantabria,-3.863961355,43.4481398311
811,812,39075000400,San Román,12927.0,39075,Santander,39,Cantabria,-3.85846246,43.4700622311
812,813,39087000200,Campuzano,11236.0,39087,Torrelavega,39,Cantabria,-4.051822691,43.3412125321
813,814,41038000500,Quinto,34353.0,41038,Dos Hermanas,41,Sevilla,-5.934046403,37.3393472141
814,815,41081000700,San José de la Rinconada,26357.0,41081,La Rinconada,41,Sevilla,-5.941750217,37.4827741491
815,816,46131000200,Grau I Platja,13895.0,46131,Gandia,46,València/Valencia,-0.163577409,38.9975762301
816,817,46190000100,La Cañada,11401.0,46190,Paterna,46,València/Valencia,-0.488274703,39.5253552791
817,818,46220000500,El Puerto,41406.0,46220,Sagunto/Sagunt,46,València/Valencia,-0.215317915,39.6605655631
818,819,46244000300,Monte Vedat,11663.0,46244,Torrent,46,València/Valencia,-0.493094447,39.4236591401
819,820,46250000200,Benimamet-Beniferri,14328.0,46250,Valencia,46,València/Valencia,-0.405382262,39.4962366621
820,821,48044000200,Las Arenas-Areeta,27010.0,48044,Getxo,48,Vizcaya,-3.013636428,43.3239687531
821,822,48044000300,Andra Mari,14291.0,48044,Getxo,48,Vizcaya,-3.018087548,43.3617872331
822,823,48902000300,Astrabudua,10555.0,48902,Erandio,48,Vizcaya,-2.981570657,43.3176646651
823,824,03082000200,Jávea/Xàbia,31909.0,03082,Jávea/Xàbia,03,Alacant/Alicante,0.162276912,38.7856723761
824,825,03128000200,Teulada,14778.0,03128,Teulada,03,Alacant/Alicante,0.102307966,38.7291170401
825,826,07011001200,Santa Ponça,11033.0,07011,Calvià,07,Illes Balears,2.46674498,39.5062618891
826,827,07031000100,S' Arenal,10242.0,07031,Llucmajor,07,Illes Balears,2.753479985,39.5022681811
827,828,07036000400,Pont d'inca,18565.0,07036,Marratxí,07,Illes Balears,2.693164278,39.5967342361
828,829,07040000600,Es Coll De'n Rabassa,10601.0,07040,Palma,07,Illes Balears,2.69628249,39.5494378471
829,830,07040001400,Sant Agustí,15211.0,07040,Palma,07,Illes Balears,2.599665402,39.5518490921
830,831,07040001900,Sa Vileta,23356.0,07040,Palma,07,Illes Balears,2.626223647,39.5911343251
831,832,07040002000,Platja de Palma,11747.0,07040,Palma,07,Illes Balears,2.731277221,39.5292502311
832,833,07054000400,Santa Eulalia del Río,16514.0,07054,Santa Eulalia del Río,07,Illes Balears,1.529106649,38.9838359781
833,834,08159000800,Eixample,10545.0,08159,Parets del Vallès,08,Barcelona,2.222966594,41.5589097841
834,835,08205000200,Mira-Sol,11928.0,08205,Sant Cugat del Vallès,08,Barcelona,2.052823605,41.4666612451
835,836,08231000400,Les Roquetes,11624.0,08231,Sant Pere de Ribes,08,Barcelona,1.756805514,41.2278514191
836,837,43037000400,Segur de Calafell,11765.0,43037,Calafell,43,Tarragona,1.608391016,41.1941736391
837,838,43148001000,Sant Pere I Sant Pau,16137.0,43148,Tarragona,43,Tarragona,1.252698903,41.1390670291
838,839,43148001400,Torreforta,23443.0,43148,Tarragona,43,Tarragona,1.218093454,41.1189908791
839,840,35026004403,San Gregorio,13096.0,35026,Telde,35,Las Palmas,-15.425913626,27.9925485812
840,841,03113000101,Ciudad Quesada,15607.0,03113,Rojales,03,Alacant/Alicante,-0.721333457,38.0678255951
841,842,03118000201,Marina-Oasis,10196.0,03118,San Fulgencio,03,Alacant/Alicante,-0.692969859,38.1361157611
842,843,29070001604,Sitio de Calahonda,15136.0,29070,Mijas,29,Málaga,-4.730288924,36.4966529981
843,844,30024000406,San Cristobal,12790.0,30024,Lorca,30,Murcia,-1.695129378,37.6811821561
844,845,30024000407,San Jose,11905.0,30024,Lorca,30,Murcia,-1.703196804,37.6685451181
845,846,30024000408,San Mateo,10746.0,30024,Lorca,30,Murcia,-1.697629478,37.6743961491
846,847,30030000103,El Carmen,21879.0,30030,Murcia,30,Murcia,-1.130713146,37.9781800411
847,848,30030000108,Infante Juan Manuel,14192.0,30030,Murcia,30,Murcia,-1.124304406,37.9790332151
848,849,30030000124,Santa Maria de Gracia,13349.0,30030,Murcia,30,Murcia,-1.202068979,37.9840238301
849,850,30030000126,Vista Alegre,15208.0,30030,Murcia,30,Murcia,-1.130563853,37.9957145751
850,851,45168000102,Poligono Sta M de Benquerencia,19177.0,45168,Toledo,45,Toledo,-3.948363664,39.8666989761
851,852,12040000102,Grao,16367.0,12040,Castellón de la Plana/Castelló de la Plana,12,Castelló/Castellón,0.012911354,39.9735678251
